Airbnb ID,Airbnb URL,Revenue Potential,Days Available,Annual Revenue,Occupancy,Daily Rate,Bedrooms
46759293,https://www.airbnb.com/rooms/46759293,2.5m,284,2m,72,10k,
22310925,https://www.airbnb.com/rooms/22310925,2m,292,1.7m,68,8.6k,
745736607553255644,https://www.airbnb.com/rooms/745736607553255644,2m,258,1.5m,43,13.3k,
1099975499031736708,https://www.airbnb.com/rooms/1099975499031736708,1.5m,311,1.4m,61,7.5k,
53405876,https://www.airbnb.com/rooms/53405876,1.4m,255,1.3m,62,8.1k,
758528236780875964,https://www.airbnb.com/rooms/758528236780875964,1.6m,301,1.3m,59,7.3k,
1094803200886730761,https://www.airbnb.com/rooms/1094803200886730761,1.4m,214,1.2m,72,7.6k,
757801810236222307,https://www.airbnb.com/rooms/757801810236222307,1.3m,342,1.2m,58,6k,
44388560,https://www.airbnb.com/rooms/44388560,1.5m,261,1.1m,50,8.7k,
1036598840002409071,https://www.airbnb.com/rooms/1036598840002409071,1.8m,234,1.1m,72,6.7k,
681026428070063125,https://www.airbnb.com/rooms/681026428070063125,1.1m,278,1.1m,57,6.8k,3
48163346,https://www.airbnb.com/rooms/48163346,1.4m,286,1.1m,51,7.3k,
1253407495091123317,https://www.airbnb.com/rooms/1253407495091123317,964.2k,327,905.3k,60,4.6k,
426094229,,1.1m,234,896.9k,46,8.3k,
16718415,https://www.airbnb.com/rooms/16718415,1.2m,272,864k,59,5.4k,
687968798670084941,https://www.airbnb.com/rooms/687968798670084941,883.9k,353,863.4k,58,4.2k,
607480399920434717,https://www.airbnb.com/rooms/607480399920434717,1.4m,220,859.6k,65,6k,
966361041615420549,https://www.airbnb.com/rooms/966361041615420549,822.4k,251,822.4k,48,6.8k,6
1036714348,,927.1k,225,814.8k,66,5.5k,2
891163389,,895k,202,776.6k,69,5.5k,2
1041871521054454060,https://www.airbnb.com/rooms/1041871521054454060,1.3m,206,776k,63,6k,
1035346817397986983,https://www.airbnb.com/rooms/1035346817397986983,954.8k,196,759.9k,55,7k,
1161389887280809853,https://www.airbnb.com/rooms/1161389887280809853,879.6k,266,757k,69,4.1k,
1354834462785339146,https://www.airbnb.com/rooms/1354834462785339146,904.7k,190,751k,67,5.9k,
452901763,,811k,213,748.6k,79,4.4k,2
1144972440880912903,https://www.airbnb.com/rooms/1144972440880912903,771.9k,320,736.8k,79,2.9k,
1036678775573363953,https://www.airbnb.com/rooms/1036678775573363953,749.6k,215,688.2k,49,6.5k,
52545922,https://www.airbnb.com/rooms/52545922,864.3k,270,687.4k,55,4.6k,
843855629541418263,https://www.airbnb.com/rooms/843855629541418263,975.1k,247,681k,57,4.8k,
581643252219572637,https://www.airbnb.com/rooms/581643252219572637,671k,365,671k,59,3.1k,
1142432302520416572,https://www.airbnb.com/rooms/1142432302520416572,706.3k,266,667.1k,78,3.2k,
863594355293917578,https://www.airbnb.com/rooms/863594355293917578,870.4k,261,661.5k,48,5.2k,
1249766843684410513,https://www.airbnb.com/rooms/1249766843684410513,753.7k,244,641.5k,56,4.7k,
35561050,https://www.airbnb.com/rooms/35561050,676.9k,325,627.2k,55,3.5k,
1384649295138743749,https://www.airbnb.com/rooms/1384649295138743749,664.9k,186,614.2k,61,5.4k,
802661798573518434,https://www.airbnb.com/rooms/802661798573518434,763.8k,204,558.9k,76,3.6k,
1071740900635987619,https://www.airbnb.com/rooms/1071740900635987619,555.8k,365,555.5k,90,1.7k,
51997918,https://www.airbnb.com/rooms/51997918,917.2k,193,546.4k,23,12.1k,
54285816,https://www.airbnb.com/rooms/54285816,653k,251,543.3k,85,2.6k,
582315605497770881,https://www.airbnb.com/rooms/582315605497770881,562.1k,355,542.6k,81,1.9k,
613696981923953590,https://www.airbnb.com/rooms/613696981923953590,566.1k,195,541.4k,35,7.8k,
937560075364524006,https://www.airbnb.com/rooms/937560075364524006,541.2k,364,539.6k,91,1.6k,
47571895,https://www.airbnb.com/rooms/47571895,533.5k,333,530.8k,83,1.9k,
1072544427893766900,https://www.airbnb.com/rooms/1072544427893766900,623.8k,298,523.1k,88,2k,
1288385069716424400,https://www.airbnb.com/rooms/1288385069716424400,510k,313,510k,82,2k,
1359344634951592488,https://www.airbnb.com/rooms/1359344634951592488,502.7k,256,502.7k,37,5.3k,
867098721341231788,https://www.airbnb.com/rooms/867098721341231788,794k,204,502.4k,65,3.8k,
944812032621764061,https://www.airbnb.com/rooms/944812032621764061,572.7k,310,490.2k,60,2.6k,
1229516091185214739,https://www.airbnb.com/rooms/1229516091185214739,490.1k,353,490.1k,82,1.7k,
1278407077696258713,https://www.airbnb.com/rooms/1278407077696258713,548.5k,199,487.2k,85,2.9k,2
1066118050572298727,https://www.airbnb.com/rooms/1066118050572298727,488.1k,360,480.5k,86,1.5k,
933013750575713802,https://www.airbnb.com/rooms/933013750575713802,530.8k,309,478.6k,71,2.2k,
893302637950323032,https://www.airbnb.com/rooms/893302637950323032,509.4k,283,478.2k,88,1.9k,
1267983333111587448,https://www.airbnb.com/rooms/1267983333111587448,468.8k,227,465.5k,47,4.4k,
630604820,,465k,341,450.9k,72,1.8k,
947686257505463058,https://www.airbnb.com/rooms/947686257505463058,447.7k,243,447.7k,46,4k,
1359347220419398756,https://www.airbnb.com/rooms/1359347220419398756,584.9k,185,444.3k,50,4.8k,
760626188903670827,https://www.airbnb.com/rooms/760626188903670827,460.9k,352,444.1k,76,1.7k,
695963385836242013,https://www.airbnb.com/rooms/695963385836242013,556.8k,288,437.3k,78,2k,
1327479357920859251,https://www.airbnb.com/rooms/1327479357920859251,436.6k,256,436.6k,54,3.1k,
52382951,https://www.airbnb.com/rooms/52382951,430k,365,430k,62,1.9k,2
47546211,https://www.airbnb.com/rooms/47546211,534.9k,269,427.1k,74,2.1k,
41087431,https://www.airbnb.com/rooms/41087431,468.3k,336,424.7k,78,1.6k,
738847765203671117,https://www.airbnb.com/rooms/738847765203671117,472.8k,317,418.8k,79,1.7k,
52545071,https://www.airbnb.com/rooms/52545071,454.3k,328,413.2k,79,1.6k,
43120272,https://www.airbnb.com/rooms/43120272,485.2k,254,411.6k,83,1.9k,
607450180569616880,https://www.airbnb.com/rooms/607450180569616880,482.5k,318,410.6k,65,2k,
1120859172830551597,https://www.airbnb.com/rooms/1120859172830551597,485.5k,319,409.4k,83,1.5k,
1141152298828749123,https://www.airbnb.com/rooms/1141152298828749123,407.4k,272,406.6k,82,1.8k,
1065994193644530610,https://www.airbnb.com/rooms/1065994193644530610,456.9k,322,403.1k,85,1.5k,
1066399828336704016,https://www.airbnb.com/rooms/1066399828336704016,402.7k,365,402.7k,88,1.3k,
842401848124034523,https://www.airbnb.com/rooms/842401848124034523,400k,362,395.5k,74,1.5k,
1248308717424363235,https://www.airbnb.com/rooms/1248308717424363235,393.9k,365,393.9k,82,1.3k,
1278086793923919965,https://www.airbnb.com/rooms/1278086793923919965,494.5k,238,391.7k,39,4.3k,
49411605,https://www.airbnb.com/rooms/49411605,448.6k,321,390.5k,75,1.6k,
1141019716590861323,https://www.airbnb.com/rooms/1141019716590861323,455.3k,295,384.3k,71,1.8k,
1293366180679607978,https://www.airbnb.com/rooms/1293366180679607978,497.5k,191,380.3k,47,4.2k,
1189751492020123635,https://www.airbnb.com/rooms/1189751492020123635,510.5k,249,378.9k,97,1.6k,
1315743730691218824,https://www.airbnb.com/rooms/1315743730691218824,409.5k,220,374.5k,40,4.3k,
402294594,,415.6k,263,371.6k,59,2.4k,
1255833177682588745,https://www.airbnb.com/rooms/1255833177682588745,371.1k,360,371.1k,71,1.5k,
1234575867823890634,https://www.airbnb.com/rooms/1234575867823890634,471.3k,208,368.3k,85,2.1k,
736597806555643901,https://www.airbnb.com/rooms/736597806555643901,484.2k,279,367.8k,61,2.2k,
1080092622379241143,https://www.airbnb.com/rooms/1080092622379241143,397.3k,323,365k,77,1.5k,
1191740190119636405,https://www.airbnb.com/rooms/1191740190119636405,373.5k,261,364.8k,82,1.7k,
1111413113565263079,https://www.airbnb.com/rooms/1111413113565263079,363.7k,332,362.4k,67,1.6k,
1252885063641252427,https://www.airbnb.com/rooms/1252885063641252427,359.8k,358,359.8k,62,1.6k,
1303463564063179667,https://www.airbnb.com/rooms/1303463564063179667,485k,223,350.9k,61,2.6k,
1014894465005034339,https://www.airbnb.com/rooms/1014894465005034339,367k,325,349.6k,42,2.6k,
964944015418224717,https://www.airbnb.com/rooms/964944015418224717,350k,364,349.5k,77,1.2k,2
1142038126917727009,https://www.airbnb.com/rooms/1142038126917727009,626.8k,208,349.4k,46,3.7k,
1262380432343192441,https://www.airbnb.com/rooms/1262380432343192441,349.2k,343,349.2k,44,2.3k,
52835157,https://www.airbnb.com/rooms/52835157,348.9k,365,348.9k,88,1.1k,
735909769812027797,https://www.airbnb.com/rooms/735909769812027797,378.3k,340,347.4k,73,1.4k,
800420530091204305,https://www.airbnb.com/rooms/800420530091204305,417.9k,264,344k,68,1.9k,
1060592356091581552,https://www.airbnb.com/rooms/1060592356091581552,343.8k,363,341.6k,78,1.2k,
638750245797196461,https://www.airbnb.com/rooms/638750245797196461,405.1k,302,340.4k,78,1.4k,
964983214354600480,https://www.airbnb.com/rooms/964983214354600480,491.4k,209,337.6k,75,2.2k,
1240343271370865394,https://www.airbnb.com/rooms/1240343271370865394,347k,348,335.4k,86,1.1k,
1252620822564591186,https://www.airbnb.com/rooms/1252620822564591186,335.3k,361,335.3k,82,1.1k,
1365808478990208340,https://www.airbnb.com/rooms/1365808478990208340,410.2k,212,332.7k,46,3.4k,
724024402372426519,https://www.airbnb.com/rooms/724024402372426519,333k,364,331.9k,84,1.1k,
1292510482913434173,https://www.airbnb.com/rooms/1292510482913434173,331.5k,312,331.5k,73,1.5k,3
613718911476343470,https://www.airbnb.com/rooms/613718911476343470,466.6k,191,330k,37,4.7k,
1179992235851328216,https://www.airbnb.com/rooms/1179992235851328216,328.9k,364,328.4k,71,1.3k,
1162198003649788202,https://www.airbnb.com/rooms/1162198003649788202,324.2k,364,323.7k,87,1k,
1268003258297214510,https://www.airbnb.com/rooms/1268003258297214510,371.5k,244,319.9k,74,1.8k,
1318662055900802148,https://www.airbnb.com/rooms/1318662055900802148,361.7k,253,318k,44,2.8k,
759714371990411247,https://www.airbnb.com/rooms/759714371990411247,316.2k,365,316.2k,81,1.1k,
1294764177535202085,https://www.airbnb.com/rooms/1294764177535202085,380.7k,227,315.1k,82,1.7k,
949743151072613366,https://www.airbnb.com/rooms/949743151072613366,366.4k,296,314.9k,70,1.5k,
878270940,,341.9k,341,313.4k,80,1.1k,
1320080873869539629,https://www.airbnb.com/rooms/1320080873869539629,313.3k,262,311.7k,77,1.5k,
1249722268673515844,https://www.airbnb.com/rooms/1249722268673515844,335k,192,311.6k,38,4.3k,
610714852136032542,https://www.airbnb.com/rooms/610714852136032542,361.1k,235,311.2k,74,1.8k,
1289791757484412121,https://www.airbnb.com/rooms/1289791757484412121,352.6k,258,310.8k,79,1.5k,
1128726195156061931,https://www.airbnb.com/rooms/1128726195156061931,309.3k,365,309.3k,85,991.5,6
1151371474689072305,https://www.airbnb.com/rooms/1151371474689072305,315.6k,347,307.8k,74,1.2k,
1115104725532931570,https://www.airbnb.com/rooms/1115104725532931570,387k,283,305.9k,72,1.5k,
866475645650963424,https://www.airbnb.com/rooms/866475645650963424,323.9k,284,304.5k,91,1.2k,
708627969,,308.2k,325,304.4k,81,1.2k,
990430943560580744,https://www.airbnb.com/rooms/990430943560580744,307.3k,331,304.3k,77,1.2k,
1277673999781255556,https://www.airbnb.com/rooms/1277673999781255556,390.5k,201,303.9k,75,2k,
1364553468470191023,https://www.airbnb.com/rooms/1364553468470191023,382.5k,211,303.7k,86,1.7k,
53870430,https://www.airbnb.com/rooms/53870430,303.1k,365,303.1k,76,1.1k,
1048941235132435356,https://www.airbnb.com/rooms/1048941235132435356,385.9k,250,302.2k,80,1.5k,
1306329571086994727,https://www.airbnb.com/rooms/1306329571086994727,327.5k,206,299.2k,63,2.3k,
1049806817661932891,https://www.airbnb.com/rooms/1049806817661932891,438.7k,244,298.1k,65,1.9k,
393729410,,308.7k,310,294.6k,89,1.1k,
1265791370295321631,https://www.airbnb.com/rooms/1265791370295321631,317.4k,300,293.3k,65,1.5k,
54313237,https://www.airbnb.com/rooms/54313237,376.7k,192,293.1k,88,1.7k,2
1359342153466575023,https://www.airbnb.com/rooms/1359342153466575023,321.3k,301,292.8k,61,1.6k,
1043331473239218816,https://www.airbnb.com/rooms/1043331473239218816,321.3k,224,292.7k,95,1.4k,
46483762,https://www.airbnb.com/rooms/46483762,367k,263,291.9k,46,2.4k,
1241855145723193243,https://www.airbnb.com/rooms/1241855145723193243,298.5k,346,291.4k,68,1.2k,
1303649359346884915,https://www.airbnb.com/rooms/1303649359346884915,291.8k,296,290.5k,78,1.3k,
871463965921258560,https://www.airbnb.com/rooms/871463965921258560,316k,338,289.6k,71,1.2k,
681029123362098077,https://www.airbnb.com/rooms/681029123362098077,353.6k,253,289k,15,7.8k,4
1355511153573216420,https://www.airbnb.com/rooms/1355511153573216420,288.5k,227,288.5k,54,2.4k,
809862617516894555,https://www.airbnb.com/rooms/809862617516894555,335.4k,319,288.1k,75,1.2k,
1214286470283304536,https://www.airbnb.com/rooms/1214286470283304536,288.2k,365,287.9k,90,880.5,
1020006755000717527,https://www.airbnb.com/rooms/1020006755000717527,330.7k,282,287.9k,97,1.1k,
912017785656694597,https://www.airbnb.com/rooms/912017785656694597,366.5k,285,287k,53,1.9k,
1070715493611412169,https://www.airbnb.com/rooms/1070715493611412169,403.8k,265,286.5k,84,1.3k,
1028050336587522123,https://www.airbnb.com/rooms/1028050336587522123,493.9k,191,282.6k,64,2.3k,3
1110554560333046998,https://www.airbnb.com/rooms/1110554560333046998,288k,340,282.2k,58,1.4k,5
1110614374862938682,https://www.airbnb.com/rooms/1110614374862938682,281.3k,273,281.3k,77,1.3k,
1054248567605944014,https://www.airbnb.com/rooms/1054248567605944014,369.7k,312,279.3k,65,1.4k,2
1157145842214333048,https://www.airbnb.com/rooms/1157145842214333048,278.5k,365,278.5k,88,864.9,
1039570926864383500,https://www.airbnb.com/rooms/1039570926864383500,512.5k,182,277.1k,40,3.8k,
1004858462,,331.6k,299,276.2k,83,1.1k,
1269303613994223909,https://www.airbnb.com/rooms/1269303613994223909,276.5k,331,274.7k,86,967.2,
1359346147121268231,https://www.airbnb.com/rooms/1359346147121268231,277.1k,289,273.5k,60,1.6k,
1227436630440777326,https://www.airbnb.com/rooms/1227436630440777326,272.1k,365,272.1k,90,827,
746821155622651432,https://www.airbnb.com/rooms/746821155622651432,295.3k,216,271.5k,43,3k,4
975899060004416068,https://www.airbnb.com/rooms/975899060004416068,352.5k,276,270.4k,82,1.2k,
1236716648345759407,https://www.airbnb.com/rooms/1236716648345759407,281.2k,313,270.3k,75,1.1k,
730196055,,320.6k,197,268.4k,82,1.7k,
1268170950345904893,https://www.airbnb.com/rooms/1268170950345904893,304.2k,181,267.6k,88,1.7k,
1338379578014259167,https://www.airbnb.com/rooms/1338379578014259167,371.6k,194,267k,48,2.8k,1
1110504282207128784,https://www.airbnb.com/rooms/1110504282207128784,278.2k,338,266.9k,88,898.7,
1217374569163675341,https://www.airbnb.com/rooms/1217374569163675341,266.5k,365,266.5k,74,990.6,
1125260700241973029,https://www.airbnb.com/rooms/1125260700241973029,388.3k,214,266.4k,89,1.4k,
1146824549793277881,https://www.airbnb.com/rooms/1146824549793277881,293.4k,279,265.9k,65,1.5k,
1049873866106070842,https://www.airbnb.com/rooms/1049873866106070842,329.2k,249,264.3k,79,1.3k,
1219396761671774517,https://www.airbnb.com/rooms/1219396761671774517,307.8k,294,264.3k,79,1.1k,
1329348804037480222,https://www.airbnb.com/rooms/1329348804037480222,324.5k,271,264.2k,64,1.5k,
1048965971925490168,https://www.airbnb.com/rooms/1048965971925490168,296.3k,203,264k,53,2.4k,
54322608,https://www.airbnb.com/rooms/54322608,265.6k,343,263k,78,988.5,
1234705356899041726,https://www.airbnb.com/rooms/1234705356899041726,262.5k,365,262.5k,69,1k,
1211452290915168419,https://www.airbnb.com/rooms/1211452290915168419,260.5k,365,260.5k,87,821.8,
1037042848693356954,https://www.airbnb.com/rooms/1037042848693356954,303.6k,307,256.5k,78,1.1k,
1197052751999715716,https://www.airbnb.com/rooms/1197052751999715716,254.6k,365,254.6k,86,808.3,
1267348887079038715,https://www.airbnb.com/rooms/1267348887079038715,259.4k,327,254.5k,79,982.6,
1243214936217234557,https://www.airbnb.com/rooms/1243214936217234557,282.2k,258,254.1k,68,1.4k,
48844158,https://www.airbnb.com/rooms/48844158,285.6k,261,252.8k,57,1.7k,
1297623992539686219,https://www.airbnb.com/rooms/1297623992539686219,252.7k,300,252.7k,97,871.2,
1194070207420505171,https://www.airbnb.com/rooms/1194070207420505171,255.4k,357,251.7k,87,806.6,
1059177833541590273,https://www.airbnb.com/rooms/1059177833541590273,282.5k,230,249.9k,86,1.3k,
1135312640670479657,https://www.airbnb.com/rooms/1135312640670479657,249.5k,365,249.5k,79,863.1,
663361463082927004,https://www.airbnb.com/rooms/663361463082927004,290.5k,325,248.9k,67,1.1k,2
1259959705016972604,https://www.airbnb.com/rooms/1259959705016972604,310.8k,271,248.8k,75,1.2k,
894790461124874200,https://www.airbnb.com/rooms/894790461124874200,261k,348,248.1k,69,1k,2
973757506064456575,https://www.airbnb.com/rooms/973757506064456575,301.4k,264,246.8k,84,1.1k,
1224406464531707784,https://www.airbnb.com/rooms/1224406464531707784,246.8k,365,246.8k,79,851,
917414208875417180,https://www.airbnb.com/rooms/917414208875417180,291.5k,302,246k,72,1.1k,
1386741877453377895,https://www.airbnb.com/rooms/1386741877453377895,293.5k,191,243.5k,41,3.1k,
1264987499337917341,https://www.airbnb.com/rooms/1264987499337917341,243.7k,353,243.3k,89,772.4,
1283419742120403270,https://www.airbnb.com/rooms/1283419742120403270,279.1k,294,243.1k,92,900.5,
1217243448676429468,https://www.airbnb.com/rooms/1217243448676429468,261.4k,327,242.6k,73,1k,
1179518401756239659,https://www.airbnb.com/rooms/1179518401756239659,395.5k,240,242.4k,75,1.4k,
811306449705994511,https://www.airbnb.com/rooms/811306449705994511,271.2k,290,241.1k,68,1.2k,
1260813473769806536,https://www.airbnb.com/rooms/1260813473769806536,384.6k,258,240.9k,50,1.9k,
1049832182508679558,https://www.airbnb.com/rooms/1049832182508679558,239.4k,262,239.4k,51,1.8k,
574024918,,272.2k,274,239.3k,92,949.5,
749688060169485485,https://www.airbnb.com/rooms/749688060169485485,290k,298,237.6k,57,1.4k,
719276303778165002,https://www.airbnb.com/rooms/719276303778165002,362.1k,223,237.2k,80,1.3k,
604929452485114464,https://www.airbnb.com/rooms/604929452485114464,382.6k,215,235.9k,78,1.4k,
594899696356082779,https://www.airbnb.com/rooms/594899696356082779,330.2k,261,235.9k,78,1.2k,
1187631443502397919,https://www.airbnb.com/rooms/1187631443502397919,280.3k,320,234.8k,64,1.2k,
1045581565212307392,https://www.airbnb.com/rooms/1045581565212307392,234.6k,365,234.6k,94,682.1,
1280136315036045880,https://www.airbnb.com/rooms/1280136315036045880,245.8k,273,234.5k,56,1.5k,
1227978165322399503,https://www.airbnb.com/rooms/1227978165322399503,283.7k,286,234.2k,63,1.3k,
41021775,https://www.airbnb.com/rooms/41021775,275k,320,234.1k,89,818.4,
1117918028725679331,https://www.airbnb.com/rooms/1117918028725679331,248.7k,320,233.9k,85,860,
1176518416677885028,https://www.airbnb.com/rooms/1176518416677885028,233.6k,365,233.6k,91,701.6,
1140990152782494672,https://www.airbnb.com/rooms/1140990152782494672,307.3k,211,232.7k,74,1.5k,
1148371665974157141,https://www.airbnb.com/rooms/1148371665974157141,237.1k,321,231.7k,85,845.8,2
1026766367,,250.6k,203,231.3k,62,1.8k,
1131722020670035347,https://www.airbnb.com/rooms/1131722020670035347,260.9k,315,231.1k,71,1k,
1006227499838477435,https://www.airbnb.com/rooms/1006227499838477435,247.9k,331,229.9k,77,898.1,
1242665933136019189,https://www.airbnb.com/rooms/1242665933136019189,271k,318,229.4k,89,813.3,
1160690869135596261,https://www.airbnb.com/rooms/1160690869135596261,299.2k,276,229.2k,83,996.5,
1237597989498807607,https://www.airbnb.com/rooms/1237597989498807607,290.1k,246,229.2k,73,1.3k,
1167145393654249407,https://www.airbnb.com/rooms/1167145393654249407,235.1k,241,229.1k,66,1.4k,
868989539618787557,https://www.airbnb.com/rooms/868989539618787557,229k,236,229k,45,2.2k,
1115027166768071037,https://www.airbnb.com/rooms/1115027166768071037,228.4k,364,228.2k,72,867.8,
960513527778075457,https://www.airbnb.com/rooms/960513527778075457,295.9k,275,227.6k,62,1.3k,
1309914922033866327,https://www.airbnb.com/rooms/1309914922033866327,227.1k,255,227.1k,89,996,
984484488534649008,https://www.airbnb.com/rooms/984484488534649008,234.7k,319,226.9k,82,866,
1188266313370020824,https://www.airbnb.com/rooms/1188266313370020824,402.2k,204,226k,87,1.3k,
973924244675502360,https://www.airbnb.com/rooms/973924244675502360,267.8k,245,225.5k,65,1.4k,
41388491,https://www.airbnb.com/rooms/41388491,284.6k,265,225.4k,98,867,
917825195892514686,https://www.airbnb.com/rooms/917825195892514686,250k,280,225.2k,76,1.1k,
611484641,,229.4k,224,225.1k,67,1.5k,
1336153008125839704,https://www.airbnb.com/rooms/1336153008125839704,271.4k,279,224.3k,63,1.3k,
932359815210325998,https://www.airbnb.com/rooms/932359815210325998,417.4k,205,224.1k,57,1.9k,
704958509156598998,https://www.airbnb.com/rooms/704958509156598998,326.7k,239,223.9k,75,1.2k,
1151979958392624608,https://www.airbnb.com/rooms/1151979958392624608,233.8k,202,223.8k,82,1.3k,
647859569593494573,https://www.airbnb.com/rooms/647859569593494573,237k,322,223.8k,59,1.2k,
1270809060331670174,https://www.airbnb.com/rooms/1270809060331670174,284.3k,245,222.9k,70,1.3k,
770762070310304528,https://www.airbnb.com/rooms/770762070310304528,319.2k,270,222.7k,66,1.3k,
683714509112428279,https://www.airbnb.com/rooms/683714509112428279,383.7k,210,221.7k,67,1.6k,
1260039067525834845,https://www.airbnb.com/rooms/1260039067525834845,239.1k,243,220.6k,90,1k,
1127399520562509249,https://www.airbnb.com/rooms/1127399520562509249,249.9k,264,219.6k,100,834.9,
910954832,,241.2k,211,218.9k,80,1.3k,
944857093302783064,https://www.airbnb.com/rooms/944857093302783064,276.2k,288,218.8k,75,1k,
1049951699706196706,https://www.airbnb.com/rooms/1049951699706196706,239.8k,321,218.8k,95,715,
1283105866949331559,https://www.airbnb.com/rooms/1283105866949331559,231.3k,280,218.7k,73,1.1k,
1045443793067394096,https://www.airbnb.com/rooms/1045443793067394096,256.3k,313,218.6k,82,853.8,
750428464089293077,https://www.airbnb.com/rooms/750428464089293077,272.4k,304,218.3k,63,1.1k,
52873384,https://www.airbnb.com/rooms/52873384,411.3k,211,217.9k,59,1.8k,
1039594870058876599,https://www.airbnb.com/rooms/1039594870058876599,219.5k,264,217.1k,58,1.4k,
408700004,,226.7k,306,216.7k,73,971.7,
1141839920821152736,https://www.airbnb.com/rooms/1141839920821152736,216.4k,365,216.4k,72,819.8,
1228020414635212198,https://www.airbnb.com/rooms/1228020414635212198,228.6k,337,215.6k,73,880.2,
44465559,https://www.airbnb.com/rooms/44465559,287.9k,259,215.5k,89,936.9,
1298590671378908804,https://www.airbnb.com/rooms/1298590671378908804,216.9k,293,214.9k,77,951,
749688735683051121,https://www.airbnb.com/rooms/749688735683051121,299.8k,257,214.6k,61,1.4k,
1011410413977114644,https://www.airbnb.com/rooms/1011410413977114644,220.6k,341,214.6k,79,800.7,
753609052,,277.1k,316,214.3k,64,1.1k,
42134915,https://www.airbnb.com/rooms/42134915,291.4k,275,214.2k,92,843.1,
1122931264948876465,https://www.airbnb.com/rooms/1122931264948876465,220.2k,342,214k,81,772.6,
754892681291552181,https://www.airbnb.com/rooms/754892681291552181,212.7k,327,212.7k,54,1.2k,
566230037,,246.7k,210,212.7k,85,1.2k,
1228887118172028203,https://www.airbnb.com/rooms/1228887118172028203,219.2k,325,212.5k,77,850.1,
865626499752065013,https://www.airbnb.com/rooms/865626499752065013,258.2k,279,212.1k,77,982.1,
1204189715323205037,https://www.airbnb.com/rooms/1204189715323205037,212.2k,240,211.1k,90,972.7,2
1221956039651910506,https://www.airbnb.com/rooms/1221956039651910506,266.2k,257,210.8k,61,1.3k,
998960972951022567,https://www.airbnb.com/rooms/998960972951022567,273.8k,263,210.8k,65,1.2k,
1333958939262367704,https://www.airbnb.com/rooms/1333958939262367704,222k,241,209.6k,73,1.2k,
1004874227187191158,https://www.airbnb.com/rooms/1004874227187191158,210.3k,363,209.5k,93,623.6,
1380928593250917834,https://www.airbnb.com/rooms/1380928593250917834,229.1k,181,209.5k,51,2.3k,
1260666417853128370,https://www.airbnb.com/rooms/1260666417853128370,213.5k,266,209.1k,89,882.4,
1099749679561147302,https://www.airbnb.com/rooms/1099749679561147302,288.1k,259,209.1k,70,1.1k,
720191964635234228,https://www.airbnb.com/rooms/720191964635234228,231.1k,333,208.9k,79,797.1,1
1251450877941960838,https://www.airbnb.com/rooms/1251450877941960838,253.5k,267,208.6k,78,1k,
1085258591325636221,https://www.airbnb.com/rooms/1085258591325636221,210.4k,348,208.5k,88,681.2,
1039693863924371570,https://www.airbnb.com/rooms/1039693863924371570,283.9k,234,208.4k,86,1k,
1052827545003148359,https://www.airbnb.com/rooms/1052827545003148359,208.3k,365,208.3k,91,629.3,
1140865281594738749,https://www.airbnb.com/rooms/1140865281594738749,305.9k,239,208.3k,60,1.5k,
1183091616995591624,https://www.airbnb.com/rooms/1183091616995591624,208.2k,365,208.1k,95,599.8,
878686713753390945,https://www.airbnb.com/rooms/878686713753390945,271.5k,275,207.8k,85,884.5,
1496310874987892433,https://www.airbnb.com/rooms/1496310874987892433,267.3k,226,207.7k,69,1.3k,
1096875451803634713,https://www.airbnb.com/rooms/1096875451803634713,291.1k,242,207.7k,96,891.2,
1309121739894766934,https://www.airbnb.com/rooms/1309121739894766934,214.9k,314,207.6k,73,902.7,
1265267169204521615,https://www.airbnb.com/rooms/1265267169204521615,206.8k,340,206.8k,84,725.5,
1204240042050748978,https://www.airbnb.com/rooms/1204240042050748978,206.7k,285,206.7k,76,957.1,
1256555705665580521,https://www.airbnb.com/rooms/1256555705665580521,206.3k,353,206.3k,81,723.9,1
792550881456421644,https://www.airbnb.com/rooms/792550881456421644,290.4k,189,205.9k,87,1.2k,
1015996314331560158,https://www.airbnb.com/rooms/1015996314331560158,213.9k,195,205.9k,37,2.8k,
46466729,https://www.airbnb.com/rooms/46466729,320.5k,259,205.7k,71,1.1k,
1080188747963628652,https://www.airbnb.com/rooms/1080188747963628652,207.4k,362,205.5k,95,599.3,
784857121411343145,https://www.airbnb.com/rooms/784857121411343145,282.6k,260,205.2k,78,1k,
1279532227986891170,https://www.airbnb.com/rooms/1279532227986891170,253k,252,205.1k,64,1.3k,
1141877339415432035,https://www.airbnb.com/rooms/1141877339415432035,205k,365,205k,92,611.8,
736711112125803756,https://www.airbnb.com/rooms/736711112125803756,252.6k,301,204.8k,81,839.3,
1188240511337557806,https://www.airbnb.com/rooms/1188240511337557806,203.9k,365,203.9k,86,651.3,
717171157403920579,https://www.airbnb.com/rooms/717171157403920579,241.4k,303,203.8k,79,849.4,1
1285293557167957385,https://www.airbnb.com/rooms/1285293557167957385,286.2k,212,203.8k,93,1k,
1482453475217255903,https://www.airbnb.com/rooms/1482453475217255903,243k,265,203.4k,69,1.1k,
1361584390485124936,https://www.airbnb.com/rooms/1361584390485124936,239.3k,205,203.3k,54,1.8k,
1217300532539600130,https://www.airbnb.com/rooms/1217300532539600130,224.2k,292,203k,84,825.1,
1069685767,,271.6k,201,202.9k,47,2.2k,4
1291126122306624642,https://www.airbnb.com/rooms/1291126122306624642,210.6k,266,201.7k,88,862,
1084445859234735256,https://www.airbnb.com/rooms/1084445859234735256,304k,226,200.5k,89,992.4,2
1171565727089414897,https://www.airbnb.com/rooms/1171565727089414897,199.8k,304,199.8k,93,708.6,
810637517801962053,https://www.airbnb.com/rooms/810637517801962053,219.2k,330,199.8k,80,759.7,
988822067932496008,https://www.airbnb.com/rooms/988822067932496008,217.2k,324,199.1k,67,922,
991653586,,252.1k,209,199k,63,1.5k,
1118141685578422443,https://www.airbnb.com/rooms/1118141685578422443,232.7k,306,198.8k,89,733.7,
1188389711790371354,https://www.airbnb.com/rooms/1188389711790371354,222.9k,327,198.6k,82,738.3,
36999412,https://www.airbnb.com/rooms/36999412,269.8k,279,198.2k,64,1.1k,
1197759318914862178,https://www.airbnb.com/rooms/1197759318914862178,210.2k,354,197.9k,67,831.3,
836431230524873393,https://www.airbnb.com/rooms/836431230524873393,287.7k,208,197.8k,65,1.5k,
1077243605779733292,https://www.airbnb.com/rooms/1077243605779733292,198.7k,362,197.2k,95,574.9,
1203522715555430486,https://www.airbnb.com/rooms/1203522715555430486,196.9k,365,196.9k,75,721.2,
41176392,https://www.airbnb.com/rooms/41176392,284.9k,256,195.9k,88,874.3,2
1240361788000551088,https://www.airbnb.com/rooms/1240361788000551088,214.7k,343,195.3k,89,638.1,
898979703762729350,https://www.airbnb.com/rooms/898979703762729350,204k,294,194.2k,74,886.8,
1063291830818333384,https://www.airbnb.com/rooms/1063291830818333384,195.2k,363,193.9k,73,731.9,
613545129158031086,https://www.airbnb.com/rooms/613545129158031086,193.8k,267,193.8k,41,1.8k,
1322328289200510100,https://www.airbnb.com/rooms/1322328289200510100,218.9k,225,193.4k,93,925.4,
1111400458538784060,https://www.airbnb.com/rooms/1111400458538784060,270.8k,296,193.2k,77,847.2,
1122231871414583260,https://www.airbnb.com/rooms/1122231871414583260,192.6k,362,192.6k,72,735.1,
1288992891013780057,https://www.airbnb.com/rooms/1288992891013780057,193.3k,216,192.5k,76,1.2k,
1368744919616231210,https://www.airbnb.com/rooms/1368744919616231210,287.6k,200,192.1k,56,1.7k,
1081286014957928126,https://www.airbnb.com/rooms/1081286014957928126,192.2k,365,192.1k,91,578.6,
1300505826973264952,https://www.airbnb.com/rooms/1300505826973264952,196.1k,357,191.6k,89,602.5,
1033316898975025648,https://www.airbnb.com/rooms/1033316898975025648,257k,254,191.5k,57,1.3k,
1439729423113300927,https://www.airbnb.com/rooms/1439729423113300927,215.5k,202,191.2k,64,1.5k,
991083304092759074,https://www.airbnb.com/rooms/991083304092759074,237.4k,244,190.8k,82,954,
784559189688202746,https://www.airbnb.com/rooms/784559189688202746,231.2k,275,190.8k,84,829.6,
1129058067848992412,https://www.airbnb.com/rooms/1129058067848992412,268.4k,265,190.4k,80,902.4,
995513022922290042,https://www.airbnb.com/rooms/995513022922290042,226.5k,309,189.9k,81,762.6,
1021725211703073886,https://www.airbnb.com/rooms/1021725211703073886,205.6k,342,189.5k,98,564.1,
669217340637286983,https://www.airbnb.com/rooms/669217340637286983,339.4k,240,189.4k,80,991.8,
1086693808843014654,https://www.airbnb.com/rooms/1086693808843014654,190.9k,363,189.4k,93,563.6,
1241894083330137971,https://www.airbnb.com/rooms/1241894083330137971,308k,228,189.2k,81,1k,
1254822157337450245,https://www.airbnb.com/rooms/1254822157337450245,239.4k,229,189.1k,65,1.3k,
53794282,https://www.airbnb.com/rooms/53794282,242k,279,188.6k,78,869.2,
1322378335915991858,https://www.airbnb.com/rooms/1322378335915991858,188.5k,274,188.5k,85,812.3,
980246669046925974,https://www.airbnb.com/rooms/980246669046925974,272.2k,258,188.2k,72,1k,
892321475,,188.2k,306,187.8k,87,705.9,
51662811,https://www.airbnb.com/rooms/51662811,188.8k,362,187.8k,59,873.3,
1421686961909541347,https://www.airbnb.com/rooms/1421686961909541347,215.6k,261,187.4k,74,976.1,
1354867124664582407,https://www.airbnb.com/rooms/1354867124664582407,187.3k,225,187.3k,58,1.4k,
1145526595956859711,https://www.airbnb.com/rooms/1145526595956859711,335.4k,211,187.3k,67,1.3k,
1186145280985801057,https://www.airbnb.com/rooms/1186145280985801057,188.4k,243,187k,86,898.9,
1186777986184484998,https://www.airbnb.com/rooms/1186777986184484998,189.5k,299,186.9k,92,677,1
780924096336537948,https://www.airbnb.com/rooms/780924096336537948,235.2k,301,186.7k,57,1.1k,
1233465843097961770,https://www.airbnb.com/rooms/1233465843097961770,186.9k,357,186.4k,80,649.6,
1236765212407623623,https://www.airbnb.com/rooms/1236765212407623623,186.4k,305,186.4k,88,693,
1179144288298658816,https://www.airbnb.com/rooms/1179144288298658816,241.1k,295,186.1k,74,857.5,
1180897012812385143,https://www.airbnb.com/rooms/1180897012812385143,186.9k,363,185.9k,87,592.1,
1049353408356414682,https://www.airbnb.com/rooms/1049353408356414682,295k,194,185.9k,71,1.4k,
957846264264176344,https://www.airbnb.com/rooms/957846264264176344,192.1k,333,185.7k,74,749,
1134141839166077170,https://www.airbnb.com/rooms/1134141839166077170,185.4k,222,185.4k,57,1.5k,
1284537367171161311,https://www.airbnb.com/rooms/1284537367171161311,185.1k,323,185.1k,89,647.3,
958503604905348546,https://www.airbnb.com/rooms/958503604905348546,266.4k,267,184.8k,48,1.5k,
1217285910802702209,https://www.airbnb.com/rooms/1217285910802702209,238.7k,231,183.7k,64,1.2k,
1156929741494246894,https://www.airbnb.com/rooms/1156929741494246894,243k,228,183.5k,86,940.8,
1107922531990729917,https://www.airbnb.com/rooms/1107922531990729917,299.8k,244,183.3k,84,890,
35641491,,184.9k,210,183.1k,70,1.2k,
1321460127651484686,https://www.airbnb.com/rooms/1321460127651484686,183k,217,183k,74,1.1k,
1330980501985453221,https://www.airbnb.com/rooms/1330980501985453221,181.3k,260,181.3k,84,827.9,
1028759840372613343,https://www.airbnb.com/rooms/1028759840372613343,225k,195,180.9k,40,2.3k,
1120040995663831219,https://www.airbnb.com/rooms/1120040995663831219,180.4k,365,180.4k,95,519.8,
1125172787457415490,https://www.airbnb.com/rooms/1125172787457415490,281.9k,205,179.4k,83,1.1k,
965235406029253978,https://www.airbnb.com/rooms/965235406029253978,291.6k,240,179.3k,95,789.8,
1391095162760751076,https://www.airbnb.com/rooms/1391095162760751076,179.9k,346,179.2k,73,713.8,
939003319543567962,https://www.airbnb.com/rooms/939003319543567962,178.7k,365,178.7k,81,601.7,
1109976974615320500,https://www.airbnb.com/rooms/1109976974615320500,240.2k,230,178.7k,70,1.1k,2
674218081769217364,https://www.airbnb.com/rooms/674218081769217364,184.7k,345,178.4k,77,675.7,1
1279034427030973456,https://www.airbnb.com/rooms/1279034427030973456,191k,314,178.3k,87,653,
1251103016454627206,https://www.airbnb.com/rooms/1251103016454627206,297.7k,187,177.9k,61,1.6k,
1241889282418294092,https://www.airbnb.com/rooms/1241889282418294092,182.6k,205,177.9k,76,1.1k,
1446353730710313589,https://www.airbnb.com/rooms/1446353730710313589,180.3k,316,177.7k,75,753.1,
1196276276537591770,https://www.airbnb.com/rooms/1196276276537591770,197.7k,279,177.6k,75,845.8,
982175725,,192k,261,177.6k,82,833.8,
1041796391927634407,https://www.airbnb.com/rooms/1041796391927634407,298k,241,177k,63,1.2k,
1165903318407369186,https://www.airbnb.com/rooms/1165903318407369186,193.1k,262,176.6k,65,1k,
594051227948531976,https://www.airbnb.com/rooms/594051227948531976,289.6k,242,176.4k,78,938.4,
1197758765276777322,https://www.airbnb.com/rooms/1197758765276777322,199.3k,324,176.3k,70,773.4,
731739950842895852,https://www.airbnb.com/rooms/731739950842895852,249.6k,256,176.1k,51,1.4k,
1300477384676701652,https://www.airbnb.com/rooms/1300477384676701652,176.1k,303,176.1k,81,718.7,1
1244599040332687841,https://www.airbnb.com/rooms/1244599040332687841,198.1k,182,176.1k,74,1.3k,
999882878253858812,https://www.airbnb.com/rooms/999882878253858812,177.8k,361,176k,84,577.2,
1161365490406216234,https://www.airbnb.com/rooms/1161365490406216234,176.3k,363,175.9k,97,501,
1084107669345081411,https://www.airbnb.com/rooms/1084107669345081411,257.5k,246,175.7k,63,1.1k,
1286039447698277249,https://www.airbnb.com/rooms/1286039447698277249,175.6k,308,175.6k,80,713.8,
863609856055014684,https://www.airbnb.com/rooms/863609856055014684,194.2k,288,175.6k,83,734.6,
1189675666935721497,https://www.airbnb.com/rooms/1189675666935721497,200k,318,174.9k,95,580.9,
1169561747986268901,https://www.airbnb.com/rooms/1169561747986268901,174.8k,365,174.8k,83,578.9,
582323326027631047,https://www.airbnb.com/rooms/582323326027631047,230.2k,263,174.8k,76,878.2,
594035626705000118,https://www.airbnb.com/rooms/594035626705000118,360.5k,210,174.4k,83,1k,
776675163815960477,https://www.airbnb.com/rooms/776675163815960477,248.7k,261,174.3k,61,1.1k,
1078683721000145537,https://www.airbnb.com/rooms/1078683721000145537,220.5k,261,174k,66,1k,
1099019098115393597,https://www.airbnb.com/rooms/1099019098115393597,207.8k,231,173.8k,80,944.6,
1065119924091641221,https://www.airbnb.com/rooms/1065119924091641221,352.8k,189,173.7k,76,1.2k,
1257788885305555834,https://www.airbnb.com/rooms/1257788885305555834,173k,351,173k,78,631.5,
1378823255444411202,https://www.airbnb.com/rooms/1378823255444411202,280.5k,195,173k,79,1.1k,
1319456135574211254,https://www.airbnb.com/rooms/1319456135574211254,182.1k,243,172.9k,93,768.5,
1226566731311620568,https://www.airbnb.com/rooms/1226566731311620568,177k,348,172.9k,89,555.8,
1217152410299812135,https://www.airbnb.com/rooms/1217152410299812135,173k,365,172.9k,93,511.4,
1213616097912623703,https://www.airbnb.com/rooms/1213616097912623703,183.4k,184,172.6k,51,1.8k,
745356521057191309,https://www.airbnb.com/rooms/745356521057191309,246.3k,257,172.1k,54,1.2k,
1359347651053034154,https://www.airbnb.com/rooms/1359347651053034154,172k,242,172k,45,1.6k,
1031648299427253631,https://www.airbnb.com/rooms/1031648299427253631,178.9k,343,171.7k,72,692.3,
1112023490323775255,https://www.airbnb.com/rooms/1112023490323775255,184.9k,285,171.4k,53,1.1k,
919349913129259110,https://www.airbnb.com/rooms/919349913129259110,175.9k,209,171.3k,47,1.7k,
1256521266406954365,https://www.airbnb.com/rooms/1256521266406954365,198.7k,315,171k,79,684,
778020829847475210,https://www.airbnb.com/rooms/778020829847475210,171.5k,364,170.9k,74,635.2,
1227225185561341253,https://www.airbnb.com/rooms/1227225185561341253,181.3k,336,170.4k,96,529.1,
1060134474799970965,https://www.airbnb.com/rooms/1060134474799970965,172.4k,360,170.2k,94,502.2,
53607528,https://www.airbnb.com/rooms/53607528,197.9k,317,169.9k,78,685,
1267156820661010194,https://www.airbnb.com/rooms/1267156820661010194,180.1k,265,169.7k,55,1.2k,
1111348807065221656,https://www.airbnb.com/rooms/1111348807065221656,182.4k,332,169.3k,64,798.7,
1162211821972699172,https://www.airbnb.com/rooms/1162211821972699172,169.3k,365,169.3k,88,525.8,
1388915963296130670,https://www.airbnb.com/rooms/1388915963296130670,196.1k,296,169.3k,58,990,
1199131185271306263,https://www.airbnb.com/rooms/1199131185271306263,171.4k,361,169.1k,73,638.1,
1142114955693053846,https://www.airbnb.com/rooms/1142114955693053846,242.4k,236,169.1k,90,797.5,
1339015956058841800,https://www.airbnb.com/rooms/1339015956058841800,174.8k,237,169k,81,880.2,
1117832360205349308,https://www.airbnb.com/rooms/1117832360205349308,260.9k,228,168.5k,79,935.9,
1078703250689000149,https://www.airbnb.com/rooms/1078703250689000149,168.1k,354,168.1k,80,596.2,
1304985935095211261,https://www.airbnb.com/rooms/1304985935095211261,169.6k,294,167.8k,81,708,
1166513840819032927,https://www.airbnb.com/rooms/1166513840819032927,167.8k,365,167.7k,98,469.9,
1444678094774523875,https://www.airbnb.com/rooms/1444678094774523875,175.3k,255,167.2k,74,889.6,
1446977902799615611,https://www.airbnb.com/rooms/1446977902799615611,220.8k,222,167.1k,55,1.4k,
1446224331793762578,https://www.airbnb.com/rooms/1446224331793762578,180.9k,218,166.3k,64,1.2k,
1115804673747147786,https://www.airbnb.com/rooms/1115804673747147786,214.2k,267,166.3k,95,654.8,
1322576049275248291,https://www.airbnb.com/rooms/1322576049275248291,269.6k,195,166k,57,1.5k,
890107989655486787,https://www.airbnb.com/rooms/890107989655486787,168.3k,328,165.5k,97,518.7,
1173287125676380405,https://www.airbnb.com/rooms/1173287125676380405,166.7k,301,165.4k,88,626.4,
67050316,,192.4k,259,165.3k,93,683.2,
1351092002312424190,https://www.airbnb.com/rooms/1351092002312424190,165.2k,233,165.2k,77,917.8,
1234492751729877954,https://www.airbnb.com/rooms/1234492751729877954,185.6k,323,165.1k,50,1k,
1183843000564402338,https://www.airbnb.com/rooms/1183843000564402338,190.8k,239,165k,54,1.3k,3
115711145,,168.8k,343,164.9k,63,766.9,
1359348179289444241,https://www.airbnb.com/rooms/1359348179289444241,165.4k,218,164.8k,52,1.5k,
843445820805521469,https://www.airbnb.com/rooms/843445820805521469,166.2k,222,164.6k,72,1k,1
660554331111604649,https://www.airbnb.com/rooms/660554331111604649,213.3k,225,164.4k,86,847.4,
1141007715774463160,https://www.airbnb.com/rooms/1141007715774463160,167.6k,296,164.3k,75,740,
1023414929,,205k,311,164.2k,56,943.6,
1166554982184487499,https://www.airbnb.com/rooms/1166554982184487499,184.5k,306,163.5k,90,596.8,
1273819127619538299,https://www.airbnb.com/rooms/1273819127619538299,164.3k,291,163k,80,702.7,
792558559426378988,https://www.airbnb.com/rooms/792558559426378988,168.4k,233,162.6k,90,778.1,
1228883492044250802,https://www.airbnb.com/rooms/1228883492044250802,161.7k,329,161.7k,79,624.4,
1035328463666023648,https://www.airbnb.com/rooms/1035328463666023648,233.5k,202,161.4k,65,1.2k,
1066761746878295321,https://www.airbnb.com/rooms/1066761746878295321,176.7k,307,161.3k,75,704.6,
873553725358526824,https://www.airbnb.com/rooms/873553725358526824,203k,247,161.3k,80,819,
1135450564275176677,https://www.airbnb.com/rooms/1135450564275176677,163.8k,295,161.3k,81,674.9,
1218614037091425612,https://www.airbnb.com/rooms/1218614037091425612,190.8k,241,161.3k,82,814.4,
893210264517287090,https://www.airbnb.com/rooms/893210264517287090,289.3k,207,161k,62,1.2k,
1315699587116217096,https://www.airbnb.com/rooms/1315699587116217096,215.1k,184,160.9k,82,1.1k,2
1090440470497611901,https://www.airbnb.com/rooms/1090440470497611901,202.3k,235,160.7k,51,1.3k,
1162187628293931492,https://www.airbnb.com/rooms/1162187628293931492,171.2k,344,160.6k,88,533.6,
1197758209727803058,https://www.airbnb.com/rooms/1197758209727803058,215.1k,290,160.3k,65,848.4,
40799839,https://www.airbnb.com/rooms/40799839,239.8k,227,160.2k,89,789.2,
1178985898626157470,https://www.airbnb.com/rooms/1178985898626157470,177.2k,334,160.1k,97,494.2,
1031875726847654599,https://www.airbnb.com/rooms/1031875726847654599,161.9k,277,159.6k,86,667.8,
1336006045958558613,https://www.airbnb.com/rooms/1336006045958558613,194.2k,221,159.3k,31,2.3k,
1207937459320614481,https://www.airbnb.com/rooms/1207937459320614481,177.8k,330,159.2k,88,549,
1439558638326940401,https://www.airbnb.com/rooms/1439558638326940401,190.4k,262,159.2k,60,1k,
1105547471167529767,https://www.airbnb.com/rooms/1105547471167529767,196.5k,276,159k,87,665.3,
40459967,https://www.airbnb.com/rooms/40459967,269.9k,219,158.8k,88,823,
1206215820636917410,https://www.airbnb.com/rooms/1206215820636917410,278.1k,185,158.4k,91,937.1,
740923350883894459,https://www.airbnb.com/rooms/740923350883894459,347.7k,188,158.2k,65,1.3k,
788176644206769790,https://www.airbnb.com/rooms/788176644206769790,242k,264,158.1k,81,735.4,
40712802,https://www.airbnb.com/rooms/40712802,267.6k,209,157.9k,84,897.4,
230544994,,162.4k,259,157.9k,76,797.5,
1051279589264679917,https://www.airbnb.com/rooms/1051279589264679917,215k,199,157.9k,90,877.1,2
1007932754092530617,https://www.airbnb.com/rooms/1007932754092530617,179.6k,322,157.8k,92,534.9,
43120241,https://www.airbnb.com/rooms/43120241,219k,221,157.8k,77,928.1,
1112380494459659747,https://www.airbnb.com/rooms/1112380494459659747,190.4k,303,157.4k,95,546.5,
1272407991498017370,https://www.airbnb.com/rooms/1272407991498017370,194.3k,228,157.1k,79,877.9,
1293336937243867477,https://www.airbnb.com/rooms/1293336937243867477,227.5k,214,157.1k,73,1k,
1165817880489648374,https://www.airbnb.com/rooms/1165817880489648374,176.6k,323,157k,71,688.7,
1152660680731675972,https://www.airbnb.com/rooms/1152660680731675972,171.2k,242,156.3k,88,730.5,
793893188761467662,https://www.airbnb.com/rooms/793893188761467662,241.4k,240,156.1k,84,776.6,
614982195222403613,https://www.airbnb.com/rooms/614982195222403613,243.2k,197,155.9k,93,847.5,
903332604747000741,https://www.airbnb.com/rooms/903332604747000741,257.1k,215,155.9k,81,890.7,
1240383755770977686,https://www.airbnb.com/rooms/1240383755770977686,189.7k,200,155.7k,90,869.7,1
573712116115316359,https://www.airbnb.com/rooms/573712116115316359,198.2k,199,155.7k,79,991.5,
1428269701458523243,https://www.airbnb.com/rooms/1428269701458523243,159.9k,260,155.6k,78,763,
1193320841276677448,https://www.airbnb.com/rooms/1193320841276677448,193.2k,284,155.3k,71,764.8,
1186150752195223519,https://www.airbnb.com/rooms/1186150752195223519,155.1k,359,155.1k,70,618,
1049793012521876422,https://www.airbnb.com/rooms/1049793012521876422,156.4k,330,155.1k,78,605.8,
1356477985677715135,https://www.airbnb.com/rooms/1356477985677715135,159.4k,225,154.8k,82,841.4,
1069658378666907217,https://www.airbnb.com/rooms/1069658378666907217,159.8k,233,154.6k,69,960.4,
643221392254990243,https://www.airbnb.com/rooms/643221392254990243,182.4k,311,154.4k,81,612.5,
1257689080179134367,https://www.airbnb.com/rooms/1257689080179134367,233.5k,234,154.2k,77,852.2,
2794698,,184.4k,304,154.2k,74,685.2,
984020623430574529,https://www.airbnb.com/rooms/984020623430574529,233.3k,239,154k,86,751.3,
1129723813823204470,https://www.airbnb.com/rooms/1129723813823204470,198.9k,241,153.9k,92,693,
1264361793813756647,https://www.airbnb.com/rooms/1264361793813756647,158.7k,341,153.7k,77,584.4,
1052054747038670491,https://www.airbnb.com/rooms/1052054747038670491,174.8k,267,153.4k,93,616.2,
877501504715086253,https://www.airbnb.com/rooms/877501504715086253,173.9k,310,153.4k,78,631.3,
1177795690914866142,https://www.airbnb.com/rooms/1177795690914866142,153.6k,364,153k,86,487.4,
1227408679875945830,https://www.airbnb.com/rooms/1227408679875945830,160.8k,327,153k,79,595.3,
1172933656514316550,https://www.airbnb.com/rooms/1172933656514316550,152.9k,365,152.9k,83,503,
5777080,https://www.airbnb.com/rooms/5777080,195.7k,255,152.4k,60,996.4,
667514615849464998,https://www.airbnb.com/rooms/667514615849464998,209.5k,204,152.3k,58,1.3k,
1317168434209119602,https://www.airbnb.com/rooms/1317168434209119602,152.1k,277,152.1k,84,652.6,
1435398505722327359,https://www.airbnb.com/rooms/1435398505722327359,173.1k,181,151.7k,76,1.1k,
760145787160037583,https://www.airbnb.com/rooms/760145787160037583,170.4k,309,151.3k,92,534.7,
1249717444587878281,https://www.airbnb.com/rooms/1249717444587878281,218.3k,240,151.3k,79,800.4,2
1294100010850824551,https://www.airbnb.com/rooms/1294100010850824551,154.7k,304,151.2k,67,741.4,
627201163735592722,https://www.airbnb.com/rooms/627201163735592722,202.1k,262,151.2k,68,854.2,
1177344494571562157,https://www.airbnb.com/rooms/1177344494571562157,171.4k,303,151.2k,75,663.1,
624230249006473058,https://www.airbnb.com/rooms/624230249006473058,151.7k,364,151.1k,78,530.1,
1067120711069925507,https://www.airbnb.com/rooms/1067120711069925507,180.5k,183,151k,66,1.2k,
572290458652924903,https://www.airbnb.com/rooms/572290458652924903,185.8k,298,150.8k,78,650,
1232730055728648556,https://www.airbnb.com/rooms/1232730055728648556,176.1k,332,150.7k,78,579.5,
969254135041761260,https://www.airbnb.com/rooms/969254135041761260,202.1k,270,150.6k,80,700.4,
896949659291211433,https://www.airbnb.com/rooms/896949659291211433,155.8k,348,150.6k,73,592.9,
1141912360724112181,https://www.airbnb.com/rooms/1141912360724112181,159.7k,309,150.4k,67,726.8,
40749969,https://www.airbnb.com/rooms/40749969,270.4k,185,150.4k,95,854.6,
53034518,https://www.airbnb.com/rooms/53034518,150.2k,365,150.2k,73,564.8,
1149865794008950470,https://www.airbnb.com/rooms/1149865794008950470,210.9k,220,150.1k,74,926.5,
1177250700016555943,https://www.airbnb.com/rooms/1177250700016555943,153.5k,289,150k,72,717.5,
995496295678043868,https://www.airbnb.com/rooms/995496295678043868,180.5k,282,149.9k,89,594.7,
1276584114519302253,https://www.airbnb.com/rooms/1276584114519302253,180.5k,238,148.4k,77,811.2,
1268926183784102952,https://www.airbnb.com/rooms/1268926183784102952,151.6k,207,148.3k,79,904.1,
738772131660134105,https://www.airbnb.com/rooms/738772131660134105,244.8k,223,148.3k,58,1.1k,2
1279999130781944045,https://www.airbnb.com/rooms/1279999130781944045,148.6k,320,147.9k,88,526.2,
772167045432535141,https://www.airbnb.com/rooms/772167045432535141,180k,302,147.8k,46,1.1k,
1167328486176123099,https://www.airbnb.com/rooms/1167328486176123099,153.5k,277,147.8k,74,717.4,
994154780387120172,https://www.airbnb.com/rooms/994154780387120172,156.7k,338,147.7k,71,615.6,
1253788810897991780,https://www.airbnb.com/rooms/1253788810897991780,150.2k,313,147.6k,78,602.5,
1323280406027530553,https://www.airbnb.com/rooms/1323280406027530553,151.4k,234,147.5k,73,867.9,
1132957316062315944,https://www.airbnb.com/rooms/1132957316062315944,205.7k,255,147.4k,82,701.8,
1024341030387170322,https://www.airbnb.com/rooms/1024341030387170322,148.3k,363,147.1k,83,488.7,
1370975710130113787,https://www.airbnb.com/rooms/1370975710130113787,167.3k,207,147.1k,36,2k,
778612659345208894,https://www.airbnb.com/rooms/778612659345208894,208.8k,252,146.9k,41,1.4k,
1114934004603569716,https://www.airbnb.com/rooms/1114934004603569716,146.8k,343,146.8k,72,591.9,
1120840771948811339,https://www.airbnb.com/rooms/1120840771948811339,194k,271,146.8k,87,621.9,
1157178731564920135,https://www.airbnb.com/rooms/1157178731564920135,163.6k,286,146.6k,88,584.1,
1488330305902266785,https://www.airbnb.com/rooms/1488330305902266785,188.9k,278,146.5k,58,904,
1257092647112895765,https://www.airbnb.com/rooms/1257092647112895765,146.1k,347,146.1k,79,531.3,
746783395898880314,https://www.airbnb.com/rooms/746783395898880314,209k,227,144.9k,80,800.6,
1060590631038514929,https://www.airbnb.com/rooms/1060590631038514929,178.9k,297,144.9k,57,857.2,
1290411912068991279,https://www.airbnb.com/rooms/1290411912068991279,144.9k,305,144.6k,72,657.1,
1288923896938646292,https://www.airbnb.com/rooms/1288923896938646292,183.7k,221,144.5k,62,1k,
1074512919515774132,https://www.airbnb.com/rooms/1074512919515774132,165.5k,294,144.5k,68,722.4,
1160723877905157422,https://www.airbnb.com/rooms/1160723877905157422,287.2k,182,144k,60,1.3k,
804854767799940565,https://www.airbnb.com/rooms/804854767799940565,245.4k,237,143.9k,86,705.5,
48099333,https://www.airbnb.com/rooms/48099333,218.2k,206,143.9k,68,1k,
1027301059755107237,https://www.airbnb.com/rooms/1027301059755107237,185.9k,301,143.5k,79,600.4,
1295406915623634012,https://www.airbnb.com/rooms/1295406915623634012,143.5k,196,143.5k,57,1.3k,
1252676981520410753,https://www.airbnb.com/rooms/1252676981520410753,151k,318,143.4k,87,519.6,
603941665973608185,https://www.airbnb.com/rooms/603941665973608185,207.7k,221,143.4k,76,848.4,
1128860417099963984,https://www.airbnb.com/rooms/1128860417099963984,200.9k,266,143.2k,76,705.5,
978094366675025805,https://www.airbnb.com/rooms/978094366675025805,294.8k,200,143k,79,904.9,
1253597348269902495,https://www.airbnb.com/rooms/1253597348269902495,181.7k,207,142.9k,70,992.6,
1293985401840384979,https://www.airbnb.com/rooms/1293985401840384979,175k,209,142.9k,69,985.3,
978771295058695371,https://www.airbnb.com/rooms/978771295058695371,144.3k,362,142.8k,75,527.1,
1176120567698357025,https://www.airbnb.com/rooms/1176120567698357025,142.8k,323,142.8k,65,679.8,
1300516521834838893,https://www.airbnb.com/rooms/1300516521834838893,169.8k,251,142.7k,88,648.8,
537061055239307515,https://www.airbnb.com/rooms/537061055239307515,258.6k,200,142.7k,53,1.4k,
1221510700270907257,https://www.airbnb.com/rooms/1221510700270907257,143.7k,311,142.5k,69,659.7,
1241892301578190500,https://www.airbnb.com/rooms/1241892301578190500,212.5k,231,142.1k,87,707.2,
1096860844183194015,https://www.airbnb.com/rooms/1096860844183194015,225.8k,206,141.7k,63,1.1k,
1186726968139398662,https://www.airbnb.com/rooms/1186726968139398662,179.9k,286,141.6k,88,562,
1157101870761560996,https://www.airbnb.com/rooms/1157101870761560996,194.2k,266,141.6k,93,573.1,
741214143378361955,https://www.airbnb.com/rooms/741214143378361955,151.2k,342,141.4k,93,444.8,
1283981718996053502,https://www.airbnb.com/rooms/1283981718996053502,156.1k,247,141.3k,83,689.3,
1259285794664810129,https://www.airbnb.com/rooms/1259285794664810129,168k,225,141.3k,85,739.6,
47721452,https://www.airbnb.com/rooms/47721452,181.8k,274,141.2k,88,588.4,
1284541644615280953,https://www.airbnb.com/rooms/1284541644615280953,187.1k,196,141.1k,80,904.3,
918787435070096059,https://www.airbnb.com/rooms/918787435070096059,146.2k,298,140.7k,94,500.8,
1092631503503428125,https://www.airbnb.com/rooms/1092631503503428125,172.7k,193,140.6k,68,1.1k,
1008659001005036408,https://www.airbnb.com/rooms/1008659001005036408,204.1k,271,140.4k,93,559.4,
647616347118313659,https://www.airbnb.com/rooms/647616347118313659,180.3k,243,139.8k,77,743.6,
827908389307434967,https://www.airbnb.com/rooms/827908389307434967,232.9k,212,139.6k,78,846.3,
1175976656864117040,https://www.airbnb.com/rooms/1175976656864117040,175.6k,299,139.5k,98,474.6,
996190609754128040,https://www.airbnb.com/rooms/996190609754128040,151.2k,234,139.3k,82,721.7,
1076739996461157065,https://www.airbnb.com/rooms/1076739996461157065,144.8k,344,139.3k,72,563.8,
639529378562762876,https://www.airbnb.com/rooms/639529378562762876,144k,209,139.2k,84,795.3,
1285256416384276862,https://www.airbnb.com/rooms/1285256416384276862,187.5k,203,139.1k,49,1.4k,
1208615429285645960,https://www.airbnb.com/rooms/1208615429285645960,167k,293,138.6k,93,507.8,
1185412387761659563,https://www.airbnb.com/rooms/1185412387761659563,138.5k,365,138.5k,79,477.5,
1122299220559241656,https://www.airbnb.com/rooms/1122299220559241656,138.4k,353,138.2k,69,568.7,
1069475045235726954,https://www.airbnb.com/rooms/1069475045235726954,194.7k,270,137.9k,78,653.7,
50101285,,160.1k,252,137.9k,48,1.1k,1
1176484600757419645,https://www.airbnb.com/rooms/1176484600757419645,173.7k,294,137.6k,86,546,
1221449280782882031,https://www.airbnb.com/rooms/1221449280782882031,145.7k,270,137.3k,72,707.9,
1359341721300576113,https://www.airbnb.com/rooms/1359341721300576113,139k,222,137.1k,76,811.5,
1192717320682349439,https://www.airbnb.com/rooms/1192717320682349439,170.5k,288,137k,78,606.1,
1178034039857504939,https://www.airbnb.com/rooms/1178034039857504939,165.1k,303,136.9k,87,516.5,
750458837975739181,https://www.airbnb.com/rooms/750458837975739181,164.1k,292,136.7k,73,644.9,1
1017094414018749329,https://www.airbnb.com/rooms/1017094414018749329,159.6k,251,136.7k,75,731,
1370789976914841481,https://www.airbnb.com/rooms/1370789976914841481,146.6k,206,136.6k,80,828,
1111440997366620194,https://www.airbnb.com/rooms/1111440997366620194,167.5k,285,136.5k,75,637.8,
1338297482137883313,https://www.airbnb.com/rooms/1338297482137883313,136.3k,237,136.3k,47,1.2k,
1096112994831330440,https://www.airbnb.com/rooms/1096112994831330440,156.7k,306,136.3k,73,608.4,
730866684003201325,https://www.airbnb.com/rooms/730866684003201325,160.9k,315,136.3k,90,481.5,
1314298474432992342,https://www.airbnb.com/rooms/1314298474432992342,183.3k,196,136.3k,64,1.1k,
1355704824047531400,https://www.airbnb.com/rooms/1355704824047531400,145.6k,191,136.1k,54,1.3k,
806382770321034417,https://www.airbnb.com/rooms/806382770321034417,138.4k,259,135.6k,70,753.5,
1117222961347708699,https://www.airbnb.com/rooms/1117222961347708699,250.7k,211,135.6k,94,681.2,
1253277448306100311,https://www.airbnb.com/rooms/1253277448306100311,150.3k,311,135.1k,68,640.5,1
29885867,,144.7k,321,135.1k,62,682.5,
1283749449853806365,https://www.airbnb.com/rooms/1283749449853806365,139.8k,225,134.9k,81,737.3,
1064194935,,139.1k,265,134.1k,72,698.2,
772095729294141947,https://www.airbnb.com/rooms/772095729294141947,168k,286,134k,87,540.3,
1181309754893350604,https://www.airbnb.com/rooms/1181309754893350604,134.6k,243,133.9k,72,761,
1019200463572612222,https://www.airbnb.com/rooms/1019200463572612222,185.6k,258,133.4k,53,980.9,
808693337551676776,https://www.airbnb.com/rooms/808693337551676776,160.8k,267,133.4k,74,677,1
1161418460565569613,https://www.airbnb.com/rooms/1161418460565569613,134.4k,298,133.1k,71,625.1,
1184909665864642768,https://www.airbnb.com/rooms/1184909665864642768,142.4k,191,133k,58,1.2k,
615635657771021408,https://www.airbnb.com/rooms/615635657771021408,153k,279,133k,71,671.7,
1308521964082062071,https://www.airbnb.com/rooms/1308521964082062071,133.7k,276,132.9k,58,825.4,
1028276582,,138.5k,270,132.7k,68,721.1,
1077393377408893074,https://www.airbnb.com/rooms/1077393377408893074,139.8k,338,132.7k,80,493.2,
1098977872833698132,https://www.airbnb.com/rooms/1098977872833698132,168.3k,289,132.7k,90,508.3,
953871913,,139.9k,268,132.6k,64,771.1,
1237486277757390938,https://www.airbnb.com/rooms/1237486277757390938,160.5k,277,132.5k,78,613.2,
982370644753081681,https://www.airbnb.com/rooms/982370644753081681,142.6k,216,132.3k,86,711.4,
1282452599917622693,https://www.airbnb.com/rooms/1282452599917622693,164.3k,260,132.2k,87,584.8,
760762900211923389,https://www.airbnb.com/rooms/760762900211923389,200.3k,274,131.9k,67,720.6,
894620732980007855,https://www.airbnb.com/rooms/894620732980007855,174.3k,233,131.5k,82,692,
696618059,,137k,271,131.4k,69,702.7,
1137465028110857582,https://www.airbnb.com/rooms/1137465028110857582,194.2k,217,131.4k,61,987.9,
548852505997216223,https://www.airbnb.com/rooms/548852505997216223,217.3k,188,131.3k,86,815.5,
1213154086462149942,https://www.airbnb.com/rooms/1213154086462149942,208.4k,217,131.2k,61,986.4,
913808383,,134.6k,324,131k,89,454.8,
1223021429629392390,https://www.airbnb.com/rooms/1223021429629392390,132.2k,362,130.9k,75,484.7,
1140412604051433162,https://www.airbnb.com/rooms/1140412604051433162,141.2k,330,130.7k,72,551.3,
1044949044330007868,https://www.airbnb.com/rooms/1044949044330007868,197.1k,239,130.3k,78,696.8,
1019604297036883116,https://www.airbnb.com/rooms/1019604297036883116,146.3k,323,129.8k,76,527.5,
1260040567903752507,https://www.airbnb.com/rooms/1260040567903752507,129.7k,318,129.5k,69,593.9,
46779496,https://www.airbnb.com/rooms/46779496,165.6k,268,129.2k,81,595.6,
1237613150683937328,https://www.airbnb.com/rooms/1237613150683937328,136.7k,343,129.1k,75,502.3,
1034555652145129433,https://www.airbnb.com/rooms/1034555652145129433,187.2k,271,129.1k,49,963.1,2
1091149204640945978,https://www.airbnb.com/rooms/1091149204640945978,151k,289,129k,46,962.9,
1122287114195265264,https://www.airbnb.com/rooms/1122287114195265264,129.2k,314,129k,70,586.5,
973585360955645314,https://www.airbnb.com/rooms/973585360955645314,157.6k,271,128.8k,87,548.2,
821521331809505955,https://www.airbnb.com/rooms/821521331809505955,187.2k,258,128.3k,65,763.9,
905476489084077660,https://www.airbnb.com/rooms/905476489084077660,180.9k,282,128.3k,68,671.9,
1019228785543263362,https://www.airbnb.com/rooms/1019228785543263362,189.8k,212,128.2k,83,724.4,
53945440,https://www.airbnb.com/rooms/53945440,134.7k,186,127.9k,59,1.2k,
977100661116748060,https://www.airbnb.com/rooms/977100661116748060,155.3k,287,127.8k,78,570.6,
916956308,,159.6k,208,127.8k,65,946.7,
1370120998439689515,https://www.airbnb.com/rooms/1370120998439689515,132.6k,204,127.6k,44,1.4k,
1067373097757933991,https://www.airbnb.com/rooms/1067373097757933991,146.5k,327,127.1k,65,602.3,
719308692071582880,https://www.airbnb.com/rooms/719308692071582880,262k,192,127k,57,1.2k,
1117892098602466922,https://www.airbnb.com/rooms/1117892098602466922,197.7k,247,127k,95,540.3,
46769732,https://www.airbnb.com/rooms/46769732,160k,268,126.8k,78,609.7,
780970085606507791,https://www.airbnb.com/rooms/780970085606507791,154.7k,285,126.6k,71,626.6,
677919677463365105,https://www.airbnb.com/rooms/677919677463365105,187k,246,126.2k,89,578.7,
1188114181434831595,https://www.airbnb.com/rooms/1188114181434831595,137.7k,182,126.1k,89,778.7,
1172116810138270841,https://www.airbnb.com/rooms/1172116810138270841,160.9k,222,126k,63,906.2,
1108454872967477934,https://www.airbnb.com/rooms/1108454872967477934,167.8k,257,125.8k,91,537.8,
1505942263169408139,https://www.airbnb.com/rooms/1505942263169408139,161.8k,207,125.6k,69,884.3,
1352676434842970857,https://www.airbnb.com/rooms/1352676434842970857,130.8k,229,125.6k,95,578.6,
1218920415860960099,https://www.airbnb.com/rooms/1218920415860960099,168.8k,243,125.5k,36,1.4k,
1183119538957471336,https://www.airbnb.com/rooms/1183119538957471336,187.4k,201,125.3k,50,1.3k,
1162064544375139081,https://www.airbnb.com/rooms/1162064544375139081,161.3k,245,125.2k,87,590.5,
1034558134516121575,https://www.airbnb.com/rooms/1034558134516121575,281.4k,197,125k,38,1.7k,
53427317,https://www.airbnb.com/rooms/53427317,176.5k,221,125k,96,589.6,1
1001291910688919672,https://www.airbnb.com/rooms/1001291910688919672,182.9k,181,124.7k,57,1.2k,
1123611499904999085,https://www.airbnb.com/rooms/1123611499904999085,170.2k,271,124.7k,70,653.1,
264278086,,126.6k,229,124.7k,61,890.7,
1436018143039202253,https://www.airbnb.com/rooms/1436018143039202253,128.2k,305,124.7k,72,569.4,
1232441091184992617,https://www.airbnb.com/rooms/1232441091184992617,130.3k,278,124.6k,74,602,
1272900556530697678,https://www.airbnb.com/rooms/1272900556530697678,153k,205,124.4k,63,956.9,2
696842221023998510,https://www.airbnb.com/rooms/696842221023998510,151.8k,293,124.2k,61,690.3,
983389794285087127,https://www.airbnb.com/rooms/983389794285087127,124.4k,264,124.1k,37,1.3k,
1116475231338688744,https://www.airbnb.com/rooms/1116475231338688744,134.8k,217,124k,70,816.1,
1264251864553104608,https://www.airbnb.com/rooms/1264251864553104608,180.8k,230,123.8k,88,612.6,
1329437538589456598,https://www.airbnb.com/rooms/1329437538589456598,144.8k,216,123.7k,48,1.2k,
1249048366479981368,https://www.airbnb.com/rooms/1249048366479981368,183.8k,235,123.7k,66,792.8,
361100691,,139.7k,245,123.6k,73,690.3,
54142780,https://www.airbnb.com/rooms/54142780,148.5k,304,123.4k,64,629.7,
999091387064665037,https://www.airbnb.com/rooms/999091387064665037,146.1k,263,123.4k,62,752.5,1
1003487570717732079,https://www.airbnb.com/rooms/1003487570717732079,171.4k,253,123.3k,83,587.1,
1112023454471273276,https://www.airbnb.com/rooms/1112023454471273276,136.4k,243,123.1k,81,624.9,
1373703613442923863,https://www.airbnb.com/rooms/1373703613442923863,141.4k,197,122.8k,85,730.7,
961409582862967158,https://www.airbnb.com/rooms/961409582862967158,165.8k,206,122.7k,57,1k,
1165849939357545140,https://www.airbnb.com/rooms/1165849939357545140,188.3k,195,122.6k,67,936.1,
43178924,https://www.airbnb.com/rooms/43178924,123.2k,327,122.3k,53,703.1,
1326809868635490899,https://www.airbnb.com/rooms/1326809868635490899,127.9k,264,122.3k,84,553.5,
1229519444171848863,https://www.airbnb.com/rooms/1229519444171848863,172.9k,247,122.3k,78,633.6,
1183461932397871113,https://www.airbnb.com/rooms/1183461932397871113,135.2k,191,122.2k,70,918.6,
713588301889935944,https://www.airbnb.com/rooms/713588301889935944,164.5k,270,121.8k,96,470.1,
873424042424749089,https://www.airbnb.com/rooms/873424042424749089,209.7k,227,121.3k,71,753.3,
1292629586780624129,https://www.airbnb.com/rooms/1292629586780624129,148.4k,257,121.1k,61,776.1,
1366489701670987607,https://www.airbnb.com/rooms/1366489701670987607,128.9k,187,120.8k,51,1.3k,
1326026711569083944,https://www.airbnb.com/rooms/1326026711569083944,129k,265,120.7k,75,606.6,
579512516838905091,https://www.airbnb.com/rooms/579512516838905091,157.6k,286,120.5k,61,692.7,
1322396151667458477,https://www.airbnb.com/rooms/1322396151667458477,120.5k,272,120.5k,78,571.2,
1244231200933785640,https://www.airbnb.com/rooms/1244231200933785640,122.7k,349,120.1k,70,494.4,
45985735,https://www.airbnb.com/rooms/45985735,143.9k,227,120.1k,80,660,
1052786033154810483,https://www.airbnb.com/rooms/1052786033154810483,144.1k,224,120.1k,75,718.9,
1293939125058185863,https://www.airbnb.com/rooms/1293939125058185863,167.6k,193,120.1k,62,1k,
1281296181257896064,https://www.airbnb.com/rooms/1281296181257896064,119.6k,306,119.6k,55,716.4,
1321572812724275540,https://www.airbnb.com/rooms/1321572812724275540,131.2k,251,119.5k,87,545.8,
690968416794081817,https://www.airbnb.com/rooms/690968416794081817,152k,282,119.5k,91,464.9,
1284690806746012754,https://www.airbnb.com/rooms/1284690806746012754,134.9k,197,119.4k,50,1.2k,
1282557394728891822,https://www.airbnb.com/rooms/1282557394728891822,150.8k,254,119.3k,87,537.6,
1150563489859955581,https://www.airbnb.com/rooms/1150563489859955581,120.3k,335,119.2k,70,507.4,
767154550096819420,https://www.airbnb.com/rooms/767154550096819420,141.5k,247,118.9k,78,615.9,
422640508,,125.5k,268,118.8k,58,766.6,
1181624642053395564,https://www.airbnb.com/rooms/1181624642053395564,164.5k,239,118.8k,69,724.4,
969479068951079586,https://www.airbnb.com/rooms/969479068951079586,190.2k,235,118.7k,66,760.8,
1318757892742134540,https://www.airbnb.com/rooms/1318757892742134540,137.2k,189,118.6k,73,859.1,
1026505361811097030,https://www.airbnb.com/rooms/1026505361811097030,140.8k,240,118.5k,87,569.8,
1030936847611862225,https://www.airbnb.com/rooms/1030936847611862225,161.5k,266,118.5k,89,499.9,
1236778968908504331,https://www.airbnb.com/rooms/1236778968908504331,156.9k,214,118.4k,67,828.2,
1201357627101927005,https://www.airbnb.com/rooms/1201357627101927005,142.6k,263,118.2k,88,509.5,
1081875074088591767,https://www.airbnb.com/rooms/1081875074088591767,132.8k,297,118.2k,66,603,
1262061520499555230,https://www.airbnb.com/rooms/1262061520499555230,209.3k,209,118.1k,75,757.2,
1276775506554466719,https://www.airbnb.com/rooms/1276775506554466719,163.9k,216,118k,83,659.5,
594007060849991188,https://www.airbnb.com/rooms/594007060849991188,118k,332,118k,50,715.5,
1053472761458471653,https://www.airbnb.com/rooms/1053472761458471653,162.4k,281,117.8k,75,555.7,
1058664986585807783,https://www.airbnb.com/rooms/1058664986585807783,211.5k,208,117.8k,73,779.9,
879565959216584305,https://www.airbnb.com/rooms/879565959216584305,190.3k,235,117.7k,81,619.5,
1088190221163557322,https://www.airbnb.com/rooms/1088190221163557322,161.9k,257,117.6k,81,562.8,
1196125673282762172,https://www.airbnb.com/rooms/1196125673282762172,129.9k,220,117.6k,57,933.1,2
1216529074289337489,https://www.airbnb.com/rooms/1216529074289337489,179.6k,221,117.4k,59,896.4,
939015152150916080,https://www.airbnb.com/rooms/939015152150916080,153.9k,285,117.2k,62,665.8,
54219363,https://www.airbnb.com/rooms/54219363,142.4k,269,117k,51,854.3,
1191910303092398895,https://www.airbnb.com/rooms/1191910303092398895,174.4k,243,116.8k,75,641.6,
1154962257449045450,https://www.airbnb.com/rooms/1154962257449045450,120.8k,312,116.8k,83,449.1,
1303396594994035745,https://www.airbnb.com/rooms/1303396594994035745,139.8k,245,116.7k,71,666.7,
952306283884833606,https://www.airbnb.com/rooms/952306283884833606,120.9k,324,116.7k,58,623.8,
1157183019260831687,https://www.airbnb.com/rooms/1157183019260831687,141.5k,280,116.6k,78,532.5,
647858583806341031,https://www.airbnb.com/rooms/647858583806341031,127.2k,257,116.6k,48,947.8,
1290380226847902742,https://www.airbnb.com/rooms/1290380226847902742,140.4k,259,116.5k,47,954.5,
1122931448759793601,https://www.airbnb.com/rooms/1122931448759793601,155.1k,289,116.4k,71,564.8,
1085166567515058149,https://www.airbnb.com/rooms/1085166567515058149,186.6k,220,116.3k,66,796.9,
1085899711818024724,https://www.airbnb.com/rooms/1085899711818024724,248.2k,182,116.2k,68,945.1,
851132347514851095,https://www.airbnb.com/rooms/851132347514851095,119.2k,355,116.1k,59,558.3,
1158520126273792576,https://www.airbnb.com/rooms/1158520126273792576,147.3k,244,116k,56,853.2,
613064590642203003,https://www.airbnb.com/rooms/613064590642203003,170.8k,266,115.9k,77,562.5,
1087468589963355982,https://www.airbnb.com/rooms/1087468589963355982,145.2k,210,115.7k,87,632.2,
1260013299026169370,https://www.airbnb.com/rooms/1260013299026169370,198.1k,225,115.6k,68,760.6,
1238520288155883888,https://www.airbnb.com/rooms/1238520288155883888,175.7k,242,115.4k,80,594.7,
1067265086631629461,https://www.airbnb.com/rooms/1067265086631629461,115.2k,261,115.2k,77,575.9,
52162306,https://www.airbnb.com/rooms/52162306,178k,242,115k,72,660.6,
952277998989783690,https://www.airbnb.com/rooms/952277998989783690,174.7k,205,114.7k,95,588.1,
825578503875951246,https://www.airbnb.com/rooms/825578503875951246,158.8k,242,114.6k,87,542.9,
1177817085914226647,https://www.airbnb.com/rooms/1177817085914226647,114.2k,263,114.2k,75,582.4,
1302577152192184756,https://www.airbnb.com/rooms/1302577152192184756,114k,212,114k,63,850.4,
1362803619518335738,https://www.airbnb.com/rooms/1362803619518335738,113.8k,207,113.8k,92,599,
795556991338722671,https://www.airbnb.com/rooms/795556991338722671,173.4k,187,113.7k,74,824,2
1047071365051942370,https://www.airbnb.com/rooms/1047071365051942370,134.1k,231,113.5k,78,630.4,
54283903,https://www.airbnb.com/rooms/54283903,199k,232,113.4k,67,731.5,
1329532754097283452,https://www.airbnb.com/rooms/1329532754097283452,127.3k,236,113k,86,553.8,
1057893694704535007,https://www.airbnb.com/rooms/1057893694704535007,150.9k,255,112.9k,75,591.3,1
666442990578388209,https://www.airbnb.com/rooms/666442990578388209,233.1k,189,112.7k,72,828.9,
612965699591397855,https://www.airbnb.com/rooms/612965699591397855,132.6k,269,112.6k,68,615.1,
1165764003150702740,https://www.airbnb.com/rooms/1165764003150702740,160.6k,242,112.4k,71,653.7,
1033754592513588233,https://www.airbnb.com/rooms/1033754592513588233,173.9k,215,112.3k,80,648.9,
1254308778848532364,https://www.airbnb.com/rooms/1254308778848532364,163.2k,187,112.2k,88,680.2,
1057811212458830123,https://www.airbnb.com/rooms/1057811212458830123,131.6k,309,112.2k,77,471.6,
1299064672194865081,https://www.airbnb.com/rooms/1299064672194865081,134.3k,208,112k,71,756.9,
42130852,https://www.airbnb.com/rooms/42130852,145.6k,275,112k,81,499.8,
1099952769761302563,https://www.airbnb.com/rooms/1099952769761302563,112.6k,238,111.9k,82,574,
1324756930220100319,https://www.airbnb.com/rooms/1324756930220100319,115k,269,111.9k,83,501.8,
1232439307285573103,https://www.airbnb.com/rooms/1232439307285573103,139.6k,304,111.6k,61,606.5,
1101151270165058435,https://www.airbnb.com/rooms/1101151270165058435,113.3k,317,111.5k,52,671.9,
1016055150111121735,https://www.airbnb.com/rooms/1016055150111121735,113.8k,339,111.4k,64,515.7,
791771287657749452,https://www.airbnb.com/rooms/791771287657749452,140.8k,270,111.1k,77,534,
44442370,https://www.airbnb.com/rooms/44442370,162.3k,240,111.1k,82,566.6,
1314285499816627992,https://www.airbnb.com/rooms/1314285499816627992,150.6k,185,110.6k,61,978.8,
1249887231149427664,https://www.airbnb.com/rooms/1249887231149427664,148.2k,240,110.4k,45,1k,2
1075163096458942046,https://www.airbnb.com/rooms/1075163096458942046,127.9k,191,110.4k,63,912.2,
1379663152142363054,https://www.airbnb.com/rooms/1379663152142363054,110k,182,110k,77,780.2,2
1107713326149392729,https://www.airbnb.com/rooms/1107713326149392729,141k,210,109.8k,72,722.4,
1032597319835450713,https://www.airbnb.com/rooms/1032597319835450713,225.3k,186,109.8k,73,813.1,
43033747,https://www.airbnb.com/rooms/43033747,210.4k,204,109.6k,50,1.1k,
1317908155535411247,https://www.airbnb.com/rooms/1317908155535411247,123.2k,251,109.3k,90,483.5,
1166578685971533993,https://www.airbnb.com/rooms/1166578685971533993,111.6k,269,108.8k,62,651.3,
1049155125148321933,https://www.airbnb.com/rooms/1049155125148321933,108.7k,324,108.7k,72,466.3,
1201144159712519552,https://www.airbnb.com/rooms/1201144159712519552,109.2k,272,108.5k,75,534.6,
572293753950121506,https://www.airbnb.com/rooms/572293753950121506,138.5k,282,108.3k,65,588.6,
1183933765921101526,https://www.airbnb.com/rooms/1183933765921101526,151.5k,232,108k,62,749.9,
1251542696169935425,https://www.airbnb.com/rooms/1251542696169935425,163.5k,223,107.9k,65,739.4,
751219854137098433,https://www.airbnb.com/rooms/751219854137098433,130.3k,290,107.9k,90,415,
1133818456501368554,https://www.airbnb.com/rooms/1133818456501368554,137.1k,181,107.8k,94,630.7,
1265927640759936264,https://www.airbnb.com/rooms/1265927640759936264,125.5k,262,107.5k,86,475.8,
1269381561145792097,https://www.airbnb.com/rooms/1269381561145792097,124.3k,282,107.5k,47,808,
1049770835020558819,https://www.airbnb.com/rooms/1049770835020558819,156.3k,203,107.4k,78,675.2,1
742780916536396014,https://www.airbnb.com/rooms/742780916536396014,180.3k,190,107.3k,51,1.1k,
1359484764473803133,https://www.airbnb.com/rooms/1359484764473803133,112.3k,222,107.1k,82,591.5,
748115712209055632,https://www.airbnb.com/rooms/748115712209055632,133.3k,301,106.8k,83,427.2,
1019041515921363404,https://www.airbnb.com/rooms/1019041515921363404,151.2k,206,106.6k,94,549.3,
1202796788591907973,https://www.airbnb.com/rooms/1202796788591907973,165.8k,285,106.5k,62,601.5,
1165317640083876478,https://www.airbnb.com/rooms/1165317640083876478,152.6k,224,106.4k,79,597.8,
1269432114935995362,https://www.airbnb.com/rooms/1269432114935995362,140.3k,258,106.3k,93,444.8,
1271761648905918949,https://www.airbnb.com/rooms/1271761648905918949,128.3k,275,106.2k,67,577.2,
592563258322626777,https://www.airbnb.com/rooms/592563258322626777,143.6k,216,106k,82,599.1,
1178780682129482465,https://www.airbnb.com/rooms/1178780682129482465,181.5k,210,106k,76,662.4,
1201525744457853617,https://www.airbnb.com/rooms/1201525744457853617,146.4k,249,105.9k,51,840.8,
1308064015990280837,https://www.airbnb.com/rooms/1308064015990280837,112.8k,254,105.7k,85,489.5,
45982839,https://www.airbnb.com/rooms/45982839,141.3k,253,105.6k,76,547.3,
1262950161274862706,https://www.airbnb.com/rooms/1262950161274862706,163.7k,210,105.6k,86,586.5,
1310057356628479987,https://www.airbnb.com/rooms/1310057356628479987,105.4k,242,105.4k,93,468.5,
1304732294862538511,https://www.airbnb.com/rooms/1304732294862538511,105.2k,210,105.2k,90,556.5,
1086046882711502546,https://www.airbnb.com/rooms/1086046882711502546,134.9k,216,105.2k,85,574.7,
1179183445385468158,https://www.airbnb.com/rooms/1179183445385468158,119.4k,269,104.9k,62,628,
1232468703831335529,https://www.airbnb.com/rooms/1232468703831335529,107.5k,291,104.5k,78,458.2,
1114292052839168867,https://www.airbnb.com/rooms/1114292052839168867,160.2k,240,104.4k,68,640.8,
1233269800623130288,https://www.airbnb.com/rooms/1233269800623130288,104.8k,268,104.3k,75,518.9,
1323854741010489685,https://www.airbnb.com/rooms/1323854741010489685,106.9k,250,104k,55,758.8,2
1051855196401329440,https://www.airbnb.com/rooms/1051855196401329440,126.3k,262,103.7k,70,566.5,
857703156724549189,https://www.airbnb.com/rooms/857703156724549189,132.9k,238,103.4k,83,522.4,
1374416530718234244,https://www.airbnb.com/rooms/1374416530718234244,108.6k,200,103.4k,92,561.7,
925071610734452805,https://www.airbnb.com/rooms/925071610734452805,157.1k,181,103.1k,57,991.8,2
1267269599455233448,https://www.airbnb.com/rooms/1267269599455233448,124.5k,292,102.9k,60,591.2,
1191935695978419335,https://www.airbnb.com/rooms/1191935695978419335,157.3k,221,102.6k,59,788.9,
1004187756455211838,https://www.airbnb.com/rooms/1004187756455211838,149.8k,275,102.4k,72,520,
1414364047656050942,https://www.airbnb.com/rooms/1414364047656050942,102.2k,315,102.3k,71,456.8,
1304964461947838587,https://www.airbnb.com/rooms/1304964461947838587,168.5k,215,102k,54,879.7,
1267813435505698823,https://www.airbnb.com/rooms/1267813435505698823,120.4k,230,102k,44,1k,
800311386168017393,https://www.airbnb.com/rooms/800311386168017393,120.7k,320,101.9k,52,613.9,
1094708226001646328,https://www.airbnb.com/rooms/1094708226001646328,150.4k,224,101.7k,85,532.7,1
1343251344576522706,https://www.airbnb.com/rooms/1343251344576522706,106.1k,242,101.6k,89,472.4,
958536972395139502,https://www.airbnb.com/rooms/958536972395139502,109.9k,268,101.4k,57,667,1
1239541765394292563,https://www.airbnb.com/rooms/1239541765394292563,139k,193,100.3k,80,647.1,
1170811947386085764,https://www.airbnb.com/rooms/1170811947386085764,176.8k,205,100.2k,64,765,
1024440015485714961,https://www.airbnb.com/rooms/1024440015485714961,155.8k,205,100.2k,66,736.8,
1292609205687444108,https://www.airbnb.com/rooms/1292609205687444108,115.9k,229,100.1k,67,650.2,
1033735232233529203,https://www.airbnb.com/rooms/1033735232233529203,161.3k,211,100.1k,45,1.1k,
1317283511099119309,https://www.airbnb.com/rooms/1317283511099119309,101.3k,244,98.6k,75,541.9,
1142533806917128925,https://www.airbnb.com/rooms/1142533806917128925,183.3k,196,98.5k,72,693.7,
614852181576876706,https://www.airbnb.com/rooms/614852181576876706,137.7k,254,97.8k,57,674.4,
1189203473832397635,https://www.airbnb.com/rooms/1189203473832397635,121.5k,238,97.7k,76,539.9,
1094679501518121948,https://www.airbnb.com/rooms/1094679501518121948,137.8k,258,97.3k,83,454.9,
724331066469112122,https://www.airbnb.com/rooms/724331066469112122,137.3k,225,97.2k,72,596.5,
1338878541019436035,https://www.airbnb.com/rooms/1338878541019436035,97k,249,97k,78,500,
1349826080567667550,https://www.airbnb.com/rooms/1349826080567667550,98.5k,226,96.9k,91,470.6,
1350723272182165980,https://www.airbnb.com/rooms/1350723272182165980,96.9k,231,96.5k,87,477.9,
1353464157805011723,https://www.airbnb.com/rooms/1353464157805011723,96.5k,228,96.5k,89,477.8,
1110603013872640503,https://www.airbnb.com/rooms/1110603013872640503,99.9k,225,96.2k,39,1.1k,
1368750419597646796,https://www.airbnb.com/rooms/1368750419597646796,105.9k,199,96.2k,85,565.6,
1091930123245011611,https://www.airbnb.com/rooms/1091930123245011611,130.3k,210,96.1k,72,636.4,
1299901889826635029,https://www.airbnb.com/rooms/1299901889826635029,96.9k,297,96k,77,419.4,
1051141920020111197,https://www.airbnb.com/rooms/1051141920020111197,144.2k,214,95.9k,84,535.9,
1296147837549630785,https://www.airbnb.com/rooms/1296147837549630785,102.2k,292,95.9k,67,489.2,
609922989890732773,https://www.airbnb.com/rooms/609922989890732773,126.5k,221,95.7k,77,563.2,
574211499083981696,https://www.airbnb.com/rooms/574211499083981696,156.9k,189,95.6k,78,646.3,
1254195205817072709,https://www.airbnb.com/rooms/1254195205817072709,119.9k,267,95.6k,70,513.8,
1298465939349554049,https://www.airbnb.com/rooms/1298465939349554049,95.8k,303,95.5k,66,477.6,
1375879861023651339,https://www.airbnb.com/rooms/1375879861023651339,99.4k,208,95.3k,66,690.7,
1343176696751697723,https://www.airbnb.com/rooms/1343176696751697723,108.3k,188,95.1k,43,1.2k,
1124555651025277553,https://www.airbnb.com/rooms/1124555651025277553,94.9k,326,94.9k,52,564.7,
1266466195601001739,https://www.airbnb.com/rooms/1266466195601001739,94.8k,287,94.8k,56,588.6,
930111200440707011,https://www.airbnb.com/rooms/930111200440707011,163.2k,233,94.5k,57,716.3,
1114914055383806629,https://www.airbnb.com/rooms/1114914055383806629,132.2k,242,94.4k,59,664.9,
1165717965914658766,https://www.airbnb.com/rooms/1165717965914658766,97.4k,289,94k,73,445.5,
1194822692651290051,https://www.airbnb.com/rooms/1194822692651290051,131.7k,272,93.7k,74,464.1,
1057264144583249873,https://www.airbnb.com/rooms/1057264144583249873,111.5k,273,93.6k,61,563.7,
29949472,https://www.airbnb.com/rooms/29949472,169.2k,229,93.3k,68,598,
938168199976906346,https://www.airbnb.com/rooms/938168199976906346,95k,314,93.1k,65,456.6,
1208027685114069202,https://www.airbnb.com/rooms/1208027685114069202,127.1k,235,92.9k,71,556,
1076718389176330262,https://www.airbnb.com/rooms/1076718389176330262,135.8k,274,92.7k,41,827.5,
909246867181026503,https://www.airbnb.com/rooms/909246867181026503,154.4k,235,92.5k,66,600.6,
709266300792096864,https://www.airbnb.com/rooms/709266300792096864,148.4k,212,92.2k,51,845.7,
1290466090017628989,https://www.airbnb.com/rooms/1290466090017628989,91.9k,261,91.9k,64,550.4,
1355897162134214305,https://www.airbnb.com/rooms/1355897162134214305,92.3k,226,91.9k,82,496.5,
1203545433765711879,https://www.airbnb.com/rooms/1203545433765711879,122.8k,205,91.8k,78,577.4,
1034589717460451490,https://www.airbnb.com/rooms/1034589717460451490,130.3k,231,91.7k,81,490.5,
1352607239180527266,https://www.airbnb.com/rooms/1352607239180527266,92.1k,223,91.4k,60,687.6,
348254252,,92.1k,225,91.4k,64,630.6,
52438126,https://www.airbnb.com/rooms/52438126,134.1k,266,91.3k,54,634.3,
1277413339497780091,https://www.airbnb.com/rooms/1277413339497780091,121.7k,256,91.3k,67,533.9,
1120885682848519259,https://www.airbnb.com/rooms/1120885682848519259,91.1k,206,91.1k,70,628.4,
944534214996174874,https://www.airbnb.com/rooms/944534214996174874,156.9k,207,90.9k,71,622.3,
1304091380790258114,https://www.airbnb.com/rooms/1304091380790258114,113.2k,213,90.8k,77,556.9,
1298450666287494856,https://www.airbnb.com/rooms/1298450666287494856,99.6k,270,90.6k,64,521,
1300453175014009672,https://www.airbnb.com/rooms/1300453175014009672,90.5k,304,90.5k,75,395,
1363068506613385865,https://www.airbnb.com/rooms/1363068506613385865,94.7k,214,90.1k,80,527,
1323367599213660330,https://www.airbnb.com/rooms/1323367599213660330,109.4k,211,89.8k,68,627.9,
826611337832435503,https://www.airbnb.com/rooms/826611337832435503,124.8k,191,89.6k,63,740.9,
988818235102879581,https://www.airbnb.com/rooms/988818235102879581,157k,228,89.6k,59,669,
1052649336123299035,https://www.airbnb.com/rooms/1052649336123299035,139.6k,196,89.4k,71,638.3,
1034593587619988731,https://www.airbnb.com/rooms/1034593587619988731,154.2k,202,89.1k,55,802.6,
1299894527776267563,https://www.airbnb.com/rooms/1299894527776267563,90.3k,285,89k,74,423.8,
1085973458865317962,https://www.airbnb.com/rooms/1085973458865317962,176.3k,196,88.8k,80,565.5,
485548552,,139.1k,238,88.7k,44,853.4,
1271809623361331742,https://www.airbnb.com/rooms/1271809623361331742,105.4k,256,88.5k,53,655.9,
1142775530959277121,https://www.airbnb.com/rooms/1142775530959277121,89.1k,223,88.5k,58,680.5,
1307715520704299243,https://www.airbnb.com/rooms/1307715520704299243,114.2k,204,88.5k,64,680.5,
1228401585278958147,https://www.airbnb.com/rooms/1228401585278958147,120k,205,88.5k,70,618.6,
1082364086299356919,https://www.airbnb.com/rooms/1082364086299356919,144.5k,232,88.4k,75,508.2,
1357083282392974731,https://www.airbnb.com/rooms/1357083282392974731,94k,225,88.4k,83,472.8,
544777868787554969,https://www.airbnb.com/rooms/544777868787554969,150.7k,194,88.4k,52,875,
1347224157371271931,https://www.airbnb.com/rooms/1347224157371271931,98k,228,88.3k,78,496.3,
1299898767294575202,https://www.airbnb.com/rooms/1299898767294575202,92.2k,286,88.2k,66,466.9,
1299893043704976670,https://www.airbnb.com/rooms/1299893043704976670,92.5k,252,88.2k,67,519,
1091133674302098146,https://www.airbnb.com/rooms/1091133674302098146,113.9k,253,88.2k,48,723,
1057013646430559347,https://www.airbnb.com/rooms/1057013646430559347,142.3k,191,88.2k,62,747,2
1108477833212014013,https://www.airbnb.com/rooms/1108477833212014013,141k,210,87.9k,86,488.3,
1054857355479939966,https://www.airbnb.com/rooms/1054857355479939966,171k,209,87.4k,78,536.5,
1055457746403157672,https://www.airbnb.com/rooms/1055457746403157672,117.6k,267,87.4k,63,517.3,
1325931861313527003,https://www.airbnb.com/rooms/1325931861313527003,87.4k,252,87.4k,69,505.2,
1037531528740256091,https://www.airbnb.com/rooms/1037531528740256091,134.4k,203,87.4k,77,560.1,
1434723324843831154,https://www.airbnb.com/rooms/1434723324843831154,102k,247,87.2k,47,758.5,
1299846495604134842,https://www.airbnb.com/rooms/1299846495604134842,102.6k,254,87.1k,74,463.3,
702618921046015429,https://www.airbnb.com/rooms/702618921046015429,107.1k,200,86.9k,69,630,
1370975075355947873,https://www.airbnb.com/rooms/1370975075355947873,240.1k,197,86.5k,40,1.1k,
1013524997172383709,https://www.airbnb.com/rooms/1013524997172383709,149.6k,198,86.5k,70,626.5,
1012199573410212355,https://www.airbnb.com/rooms/1012199573410212355,116k,197,86.2k,86,510,
1146934929061924003,https://www.airbnb.com/rooms/1146934929061924003,140.5k,194,86.2k,64,694.9,
1032339326572452171,https://www.airbnb.com/rooms/1032339326572452171,114.5k,204,85.7k,94,448.6,
1269445694694336193,https://www.airbnb.com/rooms/1269445694694336193,114.3k,239,85.7k,64,559.9,
1277412207804454703,https://www.airbnb.com/rooms/1277412207804454703,142.6k,197,85.4k,82,527.2,
918659257567356327,https://www.airbnb.com/rooms/918659257567356327,125.4k,238,85.2k,87,411.7,
1178069962444435871,https://www.airbnb.com/rooms/1178069962444435871,110.9k,215,85k,71,559.3,
1298961539630873740,https://www.airbnb.com/rooms/1298961539630873740,127.6k,196,84.5k,61,710,
1299900071899364828,https://www.airbnb.com/rooms/1299900071899364828,91.2k,271,84.4k,66,474.1,
1041922164573276885,https://www.airbnb.com/rooms/1041922164573276885,122.6k,190,84k,85,518.5,
1125995862812857141,https://www.airbnb.com/rooms/1125995862812857141,131.6k,225,84k,54,688.4,
1104476630653363499,https://www.airbnb.com/rooms/1104476630653363499,140.7k,181,83.7k,81,569.4,
1298446290525430607,https://www.airbnb.com/rooms/1298446290525430607,84.8k,295,83.7k,60,472.8,
1197782142986717110,https://www.airbnb.com/rooms/1197782142986717110,103.8k,183,83.2k,52,867.1,
1313385263109636075,https://www.airbnb.com/rooms/1313385263109636075,133.8k,201,82.7k,62,667.3,
1049000841051081827,https://www.airbnb.com/rooms/1049000841051081827,94k,189,82.4k,66,664.4,
1336246697943816649,https://www.airbnb.com/rooms/1336246697943816649,100.6k,206,82.2k,89,448.9,
47048328,https://www.airbnb.com/rooms/47048328,134.2k,202,81.7k,70,575.7,
1273089735417567183,https://www.airbnb.com/rooms/1273089735417567183,82.8k,293,81.7k,67,417.1,
889623404472030264,https://www.airbnb.com/rooms/889623404472030264,115k,248,81.6k,79,414.3,
775166536091223460,https://www.airbnb.com/rooms/775166536091223460,126k,182,81.3k,79,564.8,
1173833930004026757,https://www.airbnb.com/rooms/1173833930004026757,104.7k,195,81.3k,94,442,
1342587333881288129,https://www.airbnb.com/rooms/1342587333881288129,115.1k,192,81.1k,55,772.4,
1275574537495725388,https://www.airbnb.com/rooms/1275574537495725388,108k,212,81k,55,698.7,
1206455163225260630,https://www.airbnb.com/rooms/1206455163225260630,93.1k,186,80.9k,83,525.4,
1025031305462015165,https://www.airbnb.com/rooms/1025031305462015165,121.6k,207,80.6k,67,579.8,1
42367679,https://www.airbnb.com/rooms/42367679,117.9k,245,80.6k,58,563.5,
1356478875105549183,https://www.airbnb.com/rooms/1356478875105549183,95k,189,80.3k,43,991.2,
962835686234757759,https://www.airbnb.com/rooms/962835686234757759,86.8k,264,80.1k,69,440.1,
1299889763461575136,https://www.airbnb.com/rooms/1299889763461575136,89k,261,80k,64,482,
1082499123566509169,https://www.airbnb.com/rooms/1082499123566509169,154k,196,79.8k,59,688.1,
1141864131639219028,https://www.airbnb.com/rooms/1141864131639219028,146.3k,191,79.7k,82,507.4,
1313613037911486641,https://www.airbnb.com/rooms/1313613037911486641,85.1k,260,79.6k,71,432.5,
1357031833015666621,https://www.airbnb.com/rooms/1357031833015666621,79.5k,226,79.5k,92,382.3,
1274409590834248439,https://www.airbnb.com/rooms/1274409590834248439,125.1k,199,79.5k,85,467.7,
1294102279674419451,https://www.airbnb.com/rooms/1294102279674419451,84.9k,199,79.4k,54,741.6,
1051507802052967045,https://www.airbnb.com/rooms/1051507802052967045,123.6k,203,79.2k,58,676.9,
811969861714905913,https://www.airbnb.com/rooms/811969861714905913,120.3k,232,79k,53,647.6,
901413027144404538,https://www.airbnb.com/rooms/901413027144404538,97.5k,297,78.7k,61,432.5,
1290343221019091280,https://www.airbnb.com/rooms/1290343221019091280,78.6k,204,78.6k,51,748.5,
1249934705644418873,https://www.airbnb.com/rooms/1249934705644418873,90.7k,282,78.4k,60,461.3,
29446853,https://www.airbnb.com/rooms/29446853,172.2k,185,78.2k,45,942.1,
1351348986833655213,https://www.airbnb.com/rooms/1351348986833655213,79.6k,210,78.1k,94,394.5,
679279117291453706,https://www.airbnb.com/rooms/679279117291453706,126.3k,240,78.1k,50,650.8,
1233137856402076447,https://www.airbnb.com/rooms/1233137856402076447,106.5k,228,77.9k,64,533.6,
611308436503293330,https://www.airbnb.com/rooms/611308436503293330,152.4k,199,77.9k,62,628,
998248599299737396,https://www.airbnb.com/rooms/998248599299737396,77.9k,331,77.9k,69,340,2
1237734739083954597,https://www.airbnb.com/rooms/1237734739083954597,140.9k,192,77.7k,81,501.6,1
1242299254064433198,https://www.airbnb.com/rooms/1242299254064433198,108.5k,272,77.5k,44,645.7,
1358675235996932418,https://www.airbnb.com/rooms/1358675235996932418,78.3k,221,77.3k,90,390.4,
1321640931731823281,https://www.airbnb.com/rooms/1321640931731823281,77k,182,77k,73,579.3,
1274653150986975544,https://www.airbnb.com/rooms/1274653150986975544,77k,317,76.8k,51,471,
891790154199378828,https://www.airbnb.com/rooms/891790154199378828,110.4k,256,76.7k,80,374.2,
1380313771987317231,https://www.airbnb.com/rooms/1380313771987317231,76.8k,189,76.5k,85,478.2,
1162113698088479118,https://www.airbnb.com/rooms/1162113698088479118,111.3k,232,76k,74,444.3,
801089878706249390,https://www.airbnb.com/rooms/801089878706249390,173.8k,181,75.4k,42,992.3,
51031773,https://www.airbnb.com/rooms/51031773,89.2k,193,75.1k,34,1.2k,
1160845562279460486,https://www.airbnb.com/rooms/1160845562279460486,111.5k,250,75k,69,433.7,
1090207147543938827,https://www.airbnb.com/rooms/1090207147543938827,118.7k,184,74.8k,59,692.1,
1232316574036439909,https://www.airbnb.com/rooms/1232316574036439909,115.4k,247,74.6k,48,627,
1299198809268065123,https://www.airbnb.com/rooms/1299198809268065123,101.5k,199,74.5k,69,543.6,
1086773590579666370,https://www.airbnb.com/rooms/1086773590579666370,119.5k,228,74.4k,63,520,
1299956164416148630,https://www.airbnb.com/rooms/1299956164416148630,108.4k,192,74.1k,76,511.2,
1299897736903894894,https://www.airbnb.com/rooms/1299897736903894894,87.8k,249,73.8k,65,458.6,
1013470839214403541,https://www.airbnb.com/rooms/1013470839214403541,124.6k,205,73.7k,67,538.1,
1338985191922606874,https://www.airbnb.com/rooms/1338985191922606874,86.8k,213,73.7k,59,589.7,
1234648210614374480,https://www.airbnb.com/rooms/1234648210614374480,120.8k,218,73.4k,80,421.9,
1287047272968491235,https://www.airbnb.com/rooms/1287047272968491235,98.3k,223,73.4k,72,458.8,
1291926146874182899,https://www.airbnb.com/rooms/1291926146874182899,92.7k,235,73.3k,49,637.1,
1054728438086163135,https://www.airbnb.com/rooms/1054728438086163135,84.1k,255,72.4k,80,356.9,
697608692134469988,https://www.airbnb.com/rooms/697608692134469988,72.3k,192,72.3k,42,892.2,
1178895745506654926,https://www.airbnb.com/rooms/1178895745506654926,87.4k,275,71.9k,65,403.8,
1096136125241315581,https://www.airbnb.com/rooms/1096136125241315581,89.1k,211,71.7k,56,602.6,
1231999279893607912,https://www.airbnb.com/rooms/1231999279893607912,113.5k,215,71.6k,58,573,
1078020629559945800,https://www.airbnb.com/rooms/1078020629559945800,107.7k,210,71.3k,49,692.7,1
1202907800286630679,https://www.airbnb.com/rooms/1202907800286630679,141.1k,190,71.3k,80,469.3,
746023183687538110,https://www.airbnb.com/rooms/746023183687538110,124.1k,195,71.2k,45,809.1,1
1076687569032579460,https://www.airbnb.com/rooms/1076687569032579460,170.5k,191,71k,61,612,
1034652198346113846,https://www.airbnb.com/rooms/1034652198346113846,101.5k,221,70.5k,71,446,
1223023239700857885,https://www.airbnb.com/rooms/1223023239700857885,70.4k,254,70.4k,50,554.5,
868269190154349609,https://www.airbnb.com/rooms/868269190154349609,70.2k,204,70.2k,29,1.2k,
1299895779886356721,https://www.airbnb.com/rooms/1299895779886356721,77.5k,243,69.5k,60,479.4,
1254919250662039140,https://www.airbnb.com/rooms/1254919250662039140,91.3k,250,69.3k,56,491.7,
868932645483364522,https://www.airbnb.com/rooms/868932645483364522,69.3k,204,69.3k,30,1.1k,
901801209605472748,https://www.airbnb.com/rooms/901801209605472748,96.2k,233,69.1k,61,487,
1232464987605611462,https://www.airbnb.com/rooms/1232464987605611462,108.7k,182,69.1k,64,590.8,
1251830389920822392,https://www.airbnb.com/rooms/1251830389920822392,69.8k,185,68.5k,63,585.6,
1189114674586066843,https://www.airbnb.com/rooms/1189114674586066843,110.3k,193,67.7k,52,670.3,
998248555044924787,https://www.airbnb.com/rooms/998248555044924787,67.1k,353,67.1k,59,324.2,
1307715002804140531,https://www.airbnb.com/rooms/1307715002804140531,103.2k,196,66.7k,54,629.7,
1232352330648851589,https://www.airbnb.com/rooms/1232352330648851589,110.4k,190,66.1k,56,617.5,
1196870760196120668,https://www.airbnb.com/rooms/1196870760196120668,91.9k,210,65.8k,35,901,
605587731481361069,https://www.airbnb.com/rooms/605587731481361069,129.4k,234,65.6k,45,618.6,
1121875871279191296,https://www.airbnb.com/rooms/1121875871279191296,65.2k,190,65.2k,28,1.2k,
1239750397410713136,https://www.airbnb.com/rooms/1239750397410713136,68.7k,205,64.7k,54,582.9,
1053397967484761275,https://www.airbnb.com/rooms/1053397967484761275,115.5k,198,64.2k,60,544.2,
1318610257390581717,https://www.airbnb.com/rooms/1318610257390581717,63.3k,264,63.3k,62,385.9,
1178225483583415584,https://www.airbnb.com/rooms/1178225483583415584,88.5k,233,63k,71,379.4,
1090433379192419624,https://www.airbnb.com/rooms/1090433379192419624,69.5k,187,62.7k,38,883.2,
732651517654816388,https://www.airbnb.com/rooms/732651517654816388,89.8k,218,62.6k,72,401,
1299199902396217301,https://www.airbnb.com/rooms/1299199902396217301,94.9k,204,62k,53,574.5,
1129004269501556286,https://www.airbnb.com/rooms/1129004269501556286,62k,204,62k,50,601.9,
1252811631502103877,https://www.airbnb.com/rooms/1252811631502103877,64.4k,248,61.7k,51,490,
1275588529963831372,https://www.airbnb.com/rooms/1275588529963831372,93.5k,192,61.7k,41,781.4,
1309131780851428717,https://www.airbnb.com/rooms/1309131780851428717,61.7k,226,61.7k,50,541.3,
1078063303098174984,https://www.airbnb.com/rooms/1078063303098174984,61.7k,223,61.7k,30,907.2,
1128065741388551863,https://www.airbnb.com/rooms/1128065741388551863,117.4k,189,60.6k,36,891.5,
1299896815088980391,https://www.airbnb.com/rooms/1299896815088980391,73.8k,219,60.4k,63,440.9,
1259275511477677492,https://www.airbnb.com/rooms/1259275511477677492,81.5k,191,59.6k,65,476.8,
1276664792894749924,https://www.airbnb.com/rooms/1276664792894749924,66.3k,219,59.2k,42,650.8,
1214405782785075374,https://www.airbnb.com/rooms/1214405782785075374,94.1k,181,59.1k,62,527.8,
1325314175386698236,https://www.airbnb.com/rooms/1325314175386698236,80.8k,225,57.1k,64,399.6,
21626081,https://www.airbnb.com/rooms/21626081,62.5k,215,57k,71,372.7,
1310585679598601744,https://www.airbnb.com/rooms/1310585679598601744,66.9k,215,55.8k,49,526.8,1
1363447610368406143,https://www.airbnb.com/rooms/1363447610368406143,66.8k,189,55.2k,63,463.9,
1349018120653232292,https://www.airbnb.com/rooms/1349018120653232292,56.6k,229,54.8k,71,336.4,
1375180964741036553,https://www.airbnb.com/rooms/1375180964741036553,53.9k,195,53.9k,60,461,
42527110,https://www.airbnb.com/rooms/42527110,71.9k,184,53k,63,457,
1318724474118143468,https://www.airbnb.com/rooms/1318724474118143468,73.5k,182,52.5k,61,473.1,
1114314938414103841,https://www.airbnb.com/rooms/1114314938414103841,86.6k,191,52.1k,50,543,
1230144136004738382,https://www.airbnb.com/rooms/1230144136004738382,88.9k,219,50.3k,42,540.4,
1370097812181872868,https://www.airbnb.com/rooms/1370097812181872868,49k,194,47.2k,32,761.6,
