AirBnB ID,Bedrooms,Bathrooms,Revenue,Occupancy Rate,ADR,Days Available,Lat,Lng
46759293,5,5.5,2030442.44,71.83,9953.15,284,25.10363405,55.14924962
22310925,5,6,1708106.85,67.81,8626.8,292,25.104,55.14785
745736607553255644,4,5.5,1474491.59,43.02,13283.71,258,25.1116577,55.1304098
1099975499031736708,7,7.5,1431923.61,61.41,7496.98,311,25.13507,55.1386
53405876,5,5.5,1291083.12,62.35,8120.02,255,25.0991,55.1252
758528236780875964,6,10.5,1285809.41,58.8,7264.46,301,25.11356,55.13106
1094803200886730761,6,5.5,1183320.86,72.43,7634.33,214,25.13276212,55.13733785
757801810236222307,5,5.5,1175413.97,57.6,5966.57,342,25.11258985,55.13052376
44388560,8,7.5,1140080.81,50.19,8702.91,261,25.12743,55.1341
1036598840002409071,6,6.5,1136661.71,72.22,6725.81,234,25.11872,55.12292
681026428070063125,3,3,1077765.78,56.83,6821.3,278,25.10426113,55.14855355
48163346,6,6,1067482.77,51.05,7311.53,286,25.10791016,55.12999725
1253407495091123317,3,3,905275.66,60.24,4595.31,327,25.10433,55.14877
,7,6.5,896935.41,46.15,8304.96,234,25.12522,55.13235
16718415,6,6.5,863971.02,58.82,5399.82,272,25.09885,55.12541
687968798670084941,5,4.5,863449.53,58.07,4211.95,353,25.12022395,55.13087136
607480399920434717,5,5.5,859578.71,65.45,5969.3,220,25.11714,55.12021
966361041615420549,6,8,822350.54,48.21,6796.29,251,25.11247511,55.13106078
46759293,5,5.5,2030440.23,71.83,9953.14,284,25.10363405,55.14924962
22310925,5,6,1708104.99,67.81,8626.79,292,25.104,55.14785
745736607553255644,4,5.5,1474489.99,43.02,13283.69,258,25.1116577,55.1304098
1099975499031736708,7,7.5,1431922.05,61.41,7496.97,311,25.13507,55.1386
53405876,5,5.5,1291081.71,62.35,8120.01,255,25.0991,55.1252
758528236780875964,6,10.5,1285808,58.8,7264.45,301,25.11356,55.13106
1094803200886730761,6,5.5,1183319.58,72.43,7634.32,214,25.13276212,55.13733785
757801810236222307,5,5.5,1175412.68,57.6,5966.56,342,25.11258985,55.13052376
44388560,8,7.5,1140079.57,50.19,8702.9,261,25.12743,55.1341
1036598840002409071,6,6.5,1136660.48,72.22,6725.8,234,25.11872,55.12292
681026428070063125,3,3,1077764.61,56.83,6821.29,278,25.10426113,55.14855355
48163346,6,6,1067481.61,51.05,7311.52,286,25.10791016,55.12999725
1253407495091123317,3,3,905274.68,60.24,4595.3,327,25.10433,55.14877
,7,6.5,896934.43,46.15,8304.95,234,25.12522,55.13235
16718415,6,6.5,863970.08,58.82,5399.81,272,25.09885,55.12541
687968798670084941,5,4.5,863448.58,58.07,4211.94,353,25.12022395,55.13087136
607480399920434717,5,5.5,859577.77,65.45,5969.29,220,25.11714,55.12021
966361041615420549,6,8,822349.65,48.21,6796.28,251,25.11247511,55.13106078
46759293,5,5.5,2030442.44,71.83,9953.15,284,25.10363405,55.14924962
22310925,5,6,1708106.85,67.81,8626.8,292,25.104,55.14785
745736607553255644,4,5.5,1474491.59,43.02,13283.71,258,25.1116577,55.1304098
1099975499031736708,7,7.5,1431923.61,61.41,7496.98,311,25.13507,55.1386
53405876,5,5.5,1291083.12,62.35,8120.02,255,25.0991,55.1252
758528236780875964,6,10.5,1285809.41,58.8,7264.46,301,25.11356,55.13106
1094803200886730761,6,5.5,1183320.86,72.43,7634.33,214,25.13276212,55.13733785
757801810236222307,5,5.5,1175413.97,57.6,5966.57,342,25.11258985,55.13052376
44388560,8,7.5,1140080.81,50.19,8702.91,261,25.12743,55.1341
1036598840002409071,6,6.5,1136661.71,72.22,6725.81,234,25.11872,55.12292
681026428070063125,3,3,1077765.78,56.83,6821.3,278,25.10426113,55.14855355
48163346,6,6,1067482.77,51.05,7311.53,286,25.10791016,55.12999725
1253407495091123317,3,3,905275.66,60.24,4595.31,327,25.10433,55.14877
,7,6.5,896935.41,46.15,8304.96,234,25.12522,55.13235
16718415,6,6.5,863971.02,58.82,5399.82,272,25.09885,55.12541
687968798670084941,5,4.5,863449.53,58.07,4211.95,353,25.12022395,55.13087136
607480399920434717,5,5.5,859578.71,65.45,5969.3,220,25.11714,55.12021
966361041615420549,6,8,822350.54,48.21,6796.29,251,25.11247511,55.13106078
46759293,5,5.5,2030442.44,71.83,9953.15,284,25.10363405,55.14924962
22310925,5,6,1708106.85,67.81,8626.8,292,25.104,55.14785
745736607553255644,4,5.5,1474491.59,43.02,13283.71,258,25.1116577,55.1304098
1099975499031736708,7,7.5,1431923.61,61.41,7496.98,311,25.13507,55.1386
53405876,5,5.5,1291083.12,62.35,8120.02,255,25.0991,55.1252
758528236780875964,6,10.5,1285809.41,58.8,7264.46,301,25.11356,55.13106
1094803200886730761,6,5.5,1183320.86,72.43,7634.33,214,25.13276212,55.13733785
757801810236222307,5,5.5,1175413.97,57.6,5966.57,342,25.11258985,55.13052376
44388560,8,7.5,1140080.81,50.19,8702.91,261,25.12743,55.1341
1036598840002409071,6,6.5,1136661.71,72.22,6725.81,234,25.11872,55.12292
681026428070063125,3,3,1077765.78,56.83,6821.3,278,25.10426113,55.14855355
48163346,6,6,1067482.77,51.05,7311.53,286,25.10791016,55.12999725
1253407495091123317,3,3,905275.66,60.24,4595.31,327,25.10433,55.14877
,7,6.5,896935.41,46.15,8304.96,234,25.12522,55.13235
16718415,6,6.5,863971.02,58.82,5399.82,272,25.09885,55.12541
687968798670084941,5,4.5,863449.53,58.07,4211.95,353,25.12022395,55.13087136
607480399920434717,5,5.5,859578.71,65.45,5969.3,220,25.11714,55.12021
966361041615420549,6,8,822350.54,48.21,6796.29,251,25.11247511,55.13106078
,2,2.5,814817.35,66.22,5468.57,225,25.11771,55.11321
,2,3.5,776553.59,69.31,5546.81,202,25.11939,55.10992
1041871521054454060,6,6.5,775962.31,62.62,6015.21,206,25.12852,55.13139
1035346817397986983,7,6,759906.15,55.1,7036.17,196,25.12804,55.13585
1161389887280809853,4,4,757019.56,68.8,4136.72,266,25.11036,55.12168
1354834462785339146,7,6.5,750952.6,67.37,5866.82,190,25.1275158,55.13548623
,2,2.5,748624.23,79.34,4429.73,213,25.10904,55.14489
1144972440880912903,4,4,736787.77,78.75,2923.76,320,25.1107,55.13625
1036678775573363953,6,6.5,688229.99,49.3,6492.74,215,25.11973,55.12127
52545922,3,3.5,687352.26,55.19,4613.1,270,25.1040454,55.14843111
843855629541418263,5,5.5,680951.09,57.49,4795.43,247,25.12587,55.13011
581643252219572637,3,3.5,670969.24,59.18,3106.34,365,25.1039,55.14972
1142432302520416572,4,4,667109.44,78.2,3207.26,266,25.11944,55.12957
863594355293917578,6,5,661461.14,48.28,5249.69,261,25.12444,55.13148
1249766843684410513,4,4,641468.06,56.15,4682.25,244,25.11627389,55.12350579
35561050,4,4.5,627196.72,55.08,3503.89,325,25.12940788,55.13474655
1384649295138743749,7,7,614232.8,60.75,5435.69,186,25.11829781,55.12545866
802661798573518434,7,6.5,558851.52,75.98,3605.49,204,25.12361,55.1396
46759293,5,5.5,2030442.44,71.83,9953.15,284,25.10363405,55.14924962
22310925,5,6,1708106.85,67.81,8626.8,292,25.104,55.14785
745736607553255644,4,5.5,1474491.59,43.02,13283.71,258,25.1116577,55.1304098
1099975499031736708,7,7.5,1431923.61,61.41,7496.98,311,25.13507,55.1386
53405876,5,5.5,1291083.12,62.35,8120.02,255,25.0991,55.1252
758528236780875964,6,10.5,1285809.41,58.8,7264.46,301,25.11356,55.13106
1094803200886730761,6,5.5,1183320.86,72.43,7634.33,214,25.13276212,55.13733785
757801810236222307,5,5.5,1175413.97,57.6,5966.57,342,25.11258985,55.13052376
44388560,8,7.5,1140080.81,50.19,8702.91,261,25.12743,55.1341
1036598840002409071,6,6.5,1136661.71,72.22,6725.81,234,25.11872,55.12292
681026428070063125,3,3,1077765.78,56.83,6821.3,278,25.10426113,55.14855355
48163346,6,6,1067482.77,51.05,7311.53,286,25.10791016,55.12999725
1253407495091123317,3,3,905275.66,60.24,4595.31,327,25.10433,55.14877
,7,6.5,896935.41,46.15,8304.96,234,25.12522,55.13235
16718415,6,6.5,863971.02,58.82,5399.82,272,25.09885,55.12541
687968798670084941,5,4.5,863449.53,58.07,4211.95,353,25.12022395,55.13087136
607480399920434717,5,5.5,859578.71,65.45,5969.3,220,25.11714,55.12021
966361041615420549,6,8,822350.54,48.21,6796.29,251,25.11247511,55.13106078
,2,2.5,814817.35,66.22,5468.57,225,25.11771,55.11321
,2,3.5,776553.59,69.31,5546.81,202,25.11939,55.10992
1041871521054454060,6,6.5,775962.31,62.62,6015.21,206,25.12852,55.13139
1035346817397986983,7,6,759906.15,55.1,7036.17,196,25.12804,55.13585
1161389887280809853,4,4,757019.56,68.8,4136.72,266,25.11036,55.12168
1354834462785339146,7,6.5,750952.6,67.37,5866.82,190,25.1275158,55.13548623
,2,2.5,748624.23,79.34,4429.73,213,25.10904,55.14489
1144972440880912903,4,4,736787.77,78.75,2923.76,320,25.1107,55.13625
1036678775573363953,6,6.5,688229.99,49.3,6492.74,215,25.11973,55.12127
52545922,3,3.5,687352.26,55.19,4613.1,270,25.1040454,55.14843111
843855629541418263,5,5.5,680951.09,57.49,4795.43,247,25.12587,55.13011
581643252219572637,3,3.5,670969.24,59.18,3106.34,365,25.1039,55.14972
1142432302520416572,4,4,667109.44,78.2,3207.26,266,25.11944,55.12957
863594355293917578,6,5,661461.14,48.28,5249.69,261,25.12444,55.13148
1249766843684410513,4,4,641468.06,56.15,4682.25,244,25.11627389,55.12350579
35561050,4,4.5,627196.72,55.08,3503.89,325,25.12940788,55.13474655
1384649295138743749,7,7,614232.8,60.75,5435.69,186,25.11829781,55.12545866
802661798573518434,7,6.5,558851.52,75.98,3605.49,204,25.12361,55.1396
1071740900635987619,4,3.5,555469.15,89.86,1693.5,365,25.09841,55.14031
51997918,8,9,546379.71,23.32,12141.77,193,25.12731,55.13805
54285816,2,2.5,543320.52,84.86,2550.8,251,25.10324,55.14987
582315605497770881,4,4.5,542589.69,80.85,1890.56,355,25.09726,55.14052
613696981923953590,5,6,541443.87,35.38,7847.01,195,25.12805,55.13633
937560075364524006,2,2.5,539596.61,91.48,1620.41,364,25.1043296,55.1487691
47571895,3,4.5,530848.71,82.88,1923.36,333,25.13989,55.13592
1072544427893766900,4,4,523070.36,87.58,2004.1,298,25.11750156,55.11054014
1288385069716424400,4,4.5,509981.57,81.79,1992.12,313,25.10502256,55.1482853
1359344634951592488,4,4.5,502684.32,37.11,5291.41,256,25.10545481,55.14778433
867098721341231788,4,4.5,502441.93,64.71,3806.38,204,25.11654,55.12317
,2,2.5,491042.5,73.68,1948.58,342,25.10433,55.14877
944812032621764061,2,3,490234.55,60.32,2621.58,310,25.12694,55.15449
1229516091185214739,4,4.5,490054.59,81.87,1695.69,353,25.10886466,55.14671635
1278407077696258713,3,3.5,487204.73,84.92,2882.87,199,25.10808788,55.15069708
1066118050572298727,2,2.5,480480.39,86.11,1549.94,360,25.10396042,55.14720269
933013750575713802,4,3.5,478563.34,70.55,2195.24,309,25.11078,55.13733
893302637950323032,3,3.5,478188.75,87.63,1928.18,283,25.0976375,55.1401094
1267983333111587448,6,5,465544.34,46.7,4391.93,227,25.10834964,55.12212714
,2,2.5,450931.46,71.85,1840.54,341,25.10433,55.14877
947686257505463058,5,4,447695.99,46.09,3997.29,243,25.12081446,55.12820118
1359347220419398756,4,4.5,444306.27,50.27,4777.49,185,25.10249001,55.149432
760626188903670827,2,2.5,444100.61,75.85,1663.3,352,25.1043296,55.1487691
695963385836242013,3,3.5,437277.11,77.78,1952.13,288,25.105,55.14788
1327479357920859251,5,5.5,436586.68,54.3,3140.91,256,25.11935,55.13071
52382951,2,3.5,430009.24,62.19,1894.31,365,25.104765,55.148285
47546211,3,3.5,427137.34,74.35,2135.69,269,25.13955,55.13734
41087431,2,2.5,424662.08,78.27,1614.68,336,25.10433006,55.14876938
738847765203671117,2,2,418775.06,78.86,1675.1,317,25.10431017,55.14879056
52545071,2,2.5,413174.5,78.66,1601.45,328,25.10433006,55.14876938
43120272,3,3.5,411621.03,83.46,1941.61,254,25.13992,55.13792
607450180569616880,0,2.5,410614.77,65.09,1983.65,318,25.10368,55.14736
1120859172830551597,2,2.5,409421.21,83.39,1539.18,319,25.1048,55.14832
1141152298828749123,2,2,406597.05,81.99,1823.31,272,25.10397013,55.14911779
1065994193644530610,3,3.5,403141.23,85.09,1471.32,322,25.09746643,55.1401763
1066399828336704016,3,3,402748.28,87.67,1258.59,365,25.11143545,55.13799087
842401848124034523,2,2.5,395465.71,73.76,1481.15,362,25.10411,55.14857
1248308717424363235,3,4.5,393941.62,81.64,1321.95,365,25.12226,55.15442
1278086793923919965,4,4.5,391712.42,38.66,4257.74,238,25.1200612,55.1103807
49411605,2,2,390467.44,74.77,1626.95,321,25.10434914,55.14872742
1141019716590861323,3,3,384304.99,71.19,1830.02,295,25.10394198,55.14918512
1293366180679607978,4,6,380324,47.12,4225.82,191,25.113357,55.1243023
1189751492020123635,3,2.5,378675.04,97.19,1564.77,249,25.09666411,55.1392552
1315743730691218824,5,4.5,374506.76,40,4255.76,220,25.09717844,55.13882269
,4,4,371568.76,58.56,2412.78,263,25.107079,55.152233
1255833177682588745,2,2,371058.28,70.56,1460.86,360,25.09866589,55.13935443
1234575867823890634,4,5,368278.2,85.1,2080.67,208,25.11003,55.13911
736597806555643901,3,2,367764.05,61.29,2150.67,279,25.10437,55.14924
1080092622379241143,3,3.5,365046.4,77.09,1466.05,323,25.0987351,55.1411128
1191740190119636405,2,2.5,364807.69,81.61,1712.71,261,25.10472681,55.14842342
1111413113565263079,2,2,362354.46,67.17,1624.91,332,25.11127,55.14069
1252885063641252427,3,3.5,359794.73,62.29,1613.43,358,25.09871674,55.14110947
1303463564063179667,4,4.5,350925.64,60.54,2599.45,223,25.11860863,55.13330927
1014894465005034339,3,3,349596.2,42.15,2551.8,325,25.10402,55.14947
964944015418224717,3,3.5,349519.07,76.92,1248.28,364,25.11505,55.13963
1142038126917727009,4,6,349419.92,45.67,3678.1,208,25.12455,55.13333
1262380432343192441,2,3,349247.31,43.73,2328.32,343,25.11371732,55.14121918
52835157,2,2.5,348850.68,87.95,1086.76,365,25.111099,55.139713
735909769812027797,2,2.5,347425.75,72.94,1400.91,340,25.10577,55.14783
800420530091204305,3,3.5,344036.03,68.18,1911.31,264,25.11646,55.13975
1060592356091581552,2,2,341571.79,77.69,1211.25,363,25.0981042,55.140921
638750245797196461,2,2,340433.31,78.48,1436.43,302,25.10639,55.14694
964983214354600480,3,3.5,337583.45,74.64,2164,209,25.11251,55.1382
1240343271370865394,2,2,335442.39,85.63,1125.65,348,25.09929,55.1421
1252620822564591186,2,2,335306.5,81.99,1132.79,361,25.09964333,55.14017349
1365808478990208340,5,5,332735.75,46.23,3395.26,212,25.12768252,55.13083363
724024402372426519,2,2,331876.39,83.52,1091.7,364,25.09918593,55.14090087
1292510482913434173,3,2.5,331501.79,73.08,1453.96,312,25.10842343,55.14809394
613718911476343470,7,7,329959.35,36.65,4713.7,191,25.12283,55.14414
1179992235851328216,1,1.5,328442.6,71.43,1263.24,364,25.10523,55.14803
1162198003649788202,3,3.5,323749.15,86.81,1024.52,364,25.0990814,55.1215699
1268003258297214510,2,2,319885.68,74.18,1767.32,244,25.10433,55.14877
1318662055900802148,3,3.5,317965.31,44.27,2838.98,253,25.11883656,55.13309472
759714371990411247,2,2.5,316198.84,80.82,1071.86,365,25.11097026,55.14019309
1294764177535202085,3,4.5,315082.39,82.38,1684.93,227,25.10495455,55.14783469
949743151072613366,3,3.5,314851.03,69.93,1521.02,296,25.09849,55.14069
,0,1,313371.01,80.35,1143.69,341,25.110128,55.141605
1320080873869539629,5,5.5,311714.71,77.1,1543.14,262,25.09958,55.12101
1249722268673515844,5,5,311564.14,37.5,4327.28,192,25.11101363,55.13328048
610714852136032542,2,2.5,311189.54,74.47,1778.23,235,25.10433006,55.14876938
1289791757484412121,3,3,310807.6,79.07,1523.57,258,25.12056328,55.11081254
1128726195156061931,2,2.5,309334.93,85.48,991.46,365,25.12867255,55.15391686
1151371474689072305,3,2.5,307821.86,74.06,1197.75,347,25.10948,55.13657
1115104725532931570,2,2,305864.41,72.08,1499.34,283,25.10502887,55.14694953
866475645650963424,2,3,304494.57,91.2,1175.65,284,25.11177,55.13548
,2,2,304355.01,80.92,1157.24,325,25.09874,55.14111
990430943560580744,4,3.5,304307.27,77.34,1188.7,331,25.0967614,55.1394516
1277673999781255556,3,3,303921.66,74.63,2026.14,201,25.09977,55.12146
1364553468470191023,4,3.5,303657.24,86.26,1668.45,211,25.09968139,55.14312845
53870430,1,1.5,303069.64,76.44,1086.27,365,25.10433006,55.14876938
1048941235132435356,3,2.5,302184.24,80,1510.92,250,25.11699,55.14151
1306329571086994727,3,2.5,299187.48,62.62,2319.28,206,25.1047651,55.1482853
1049806817661932891,2,2.5,298078.38,64.75,1886.57,244,25.11099391,55.13960564
,3,3.5,294567.47,88.71,1071.15,310,25.1137,55.13665
1265791370295321631,4,3.5,293340.86,65.33,1496.64,300,25.09679604,55.13942128
54313237,2,2.5,293105.82,88.02,1734.35,192,25.11086,55.14052
1359342153466575023,1,1.5,292767.95,61.13,1591.13,301,25.10366709,55.1502014
1043331473239218816,4,4,292690.83,95.09,1374.14,224,25.09689,55.14206
46483762,2,2.5,291923.27,46.39,2392.81,263,25.12076,55.112
1241855145723193243,2,3.5,291394.43,68.21,1234.72,346,25.1069622,55.152668
1303649359346884915,2,2,290461.62,78.38,1251.99,296,25.09872034,55.13996441
871463965921258560,1,1.5,289605.93,70.71,1211.74,338,25.10408,55.14869
681029123362098077,4,4,289022,14.62,7811.41,253,25.10426356,55.1486367
1355511153573216420,4,4.5,288485.81,53.74,2364.64,227,25.11788896,55.13492564
809862617516894555,3,3.5,288107.55,74.92,1205.47,319,25.09720792,55.13973706
1214286470283304536,2,2.5,287938.61,89.59,880.55,365,25.111296,55.138738
1020006755000717527,2,2.5,287916.58,97.16,1050.79,282,25.1269446,55.153537
912017785656694597,2,3,286987.43,53.33,1888.08,285,25.13179,55.15283
1070715493611412169,3,2.5,286480.63,84.15,1284.67,265,25.11684,55.14103
1028050336587522123,4,3.5,282591.45,63.87,2316.32,191,25.09831,55.14001
1110554560333046998,4,3.5,282506.99,58.24,1426.8,340,25.1011489,55.1421993
1110614374862938682,3,3.5,281284.04,76.92,1339.45,273,25.09728,55.13895
1054248567605944014,2,2,279253.15,64.74,1382.44,312,25.09786978,55.14074018
1157145842214333048,2,2,278511.31,88.22,864.94,365,25.11175,55.13928
1039570926864383500,5,6,277057,40.11,3795.3,182,25.11311,55.14731
,3,3,276182.94,82.61,1118.15,299,25.11757,55.10961
1269303613994223909,1,1.5,274680.89,85.8,967.19,331,25.10530829,55.14749721
1359346147121268231,2,2.5,273498.35,59.86,1580.92,289,25.10292313,55.14964927
1227436630440777326,2,2,272091.78,90.14,827.03,365,25.1113383,55.13810352
746821155622651432,4,3,271496.83,42.59,2951.05,216,25.12004,55.12942
975899060004416068,2,2.5,270398.76,82.25,1191.18,276,25.10968,55.13625
1236716648345759407,3,4.5,270325.31,75.4,1145.45,313,25.10776,55.15037
,3,3.5,268444.99,81.73,1667.36,197,25.107,55.15265
1268170950345904893,4,3.5,267622.35,87.85,1683.16,181,25.09769981,55.14037628
1338379578014259167,5,5.5,266987,48.45,2840.29,194,25.1126,55.14369
1110504282207128784,1,1,266913.55,87.87,898.7,338,25.12858885,55.15347968
1217374569163675341,2,2.5,266469.18,73.7,990.59,365,25.11130642,55.13808743
1125260700241973029,3,2.5,266381.04,88.78,1402.01,214,25.10969,55.13636
1146824549793277881,2,2,265874.24,64.87,1468.92,279,25.09872,55.1404
1049873866106070842,2,2,264302.41,79.12,1341.64,249,25.10989491,55.14036309
1219396761671774517,3,3.5,264298.74,78.57,1144.15,294,25.09915677,55.12161571
1329348804037480222,2,2,264210.6,63.84,1527.23,271,25.10396823,55.14905441
1048965971925490168,4,4.5,264034.32,53.2,2444.76,203,25.1131053,55.1473081
54322608,1,1,262950.93,77.55,988.54,343,25.10923,55.14354
1234705356899041726,2,2,262473.5,68.77,1045.71,365,25.09781,55.14046
1211452290915168419,1,1.5,260501.37,86.85,821.77,365,25.1175699,55.1096153
1037042848693356954,2,2,256524.06,78.18,1068.85,307,25.0993211,55.1407235
1197052751999715716,1,1.5,254607.01,86.3,808.28,365,25.1137853,55.1399566
1267348887079038715,1,1.5,254493.16,79.2,982.6,327,25.1269446,55.153537
1243214936217234557,3,3.5,254144.28,68.22,1444,258,25.09736,55.13885
48844158,3,2.5,252811.16,57.09,1696.72,261,25.1159397,55.1385487
1297623992539686219,2,2.5,252656.91,96.67,871.23,300,25.11206081,55.13874608
1194070207420505171,1,1.5,251661.67,87.4,806.61,357,25.13233,55.15364
1059177833541590273,2,2.5,249869.49,85.65,1268.37,230,25.1090367,55.14867794
1135312640670479657,2,2.5,249450.82,79.18,863.15,365,25.12731,55.15239
663361463082927004,2,2.5,248852.2,67.38,1136.31,325,25.11700058,55.10969925
1259959705016972604,3,3.5,248848.53,74.54,1231.92,271,25.12247891,55.15337526
894790461124874200,2,2.5,248069.96,69.25,1029.34,348,25.11664804,55.10961091
973757506064456575,2,2,246821.31,84.09,1111.81,264,25.09806275,55.1396685
1224406464531707784,2,2,246795.61,79.45,851.02,365,25.09874485,55.14114285
917414208875417180,1,1.5,246009.69,72.19,1128.48,302,25.1043296,55.1487691
1386741877453377895,4,3.5,243549.12,41.36,3082.9,191,25.1213533,55.13126174
1264987499337917341,2,2.5,243299.39,89.24,772.38,353,25.10879846,55.14192818
1283419742120403270,2,2.5,243137.8,91.84,900.51,294,25.13125776,55.15300984
1217243448676429468,1,1.5,242568.56,72.78,1019.2,327,25.1121932,55.1386346
1179518401756239659,3,3.5,242443.69,74.58,1354.43,240,25.0987351,55.1411128
811306449705994511,1,1.5,241095.89,67.59,1230.08,290,25.11075,55.13665
1260813473769806536,2,3,240853.5,49.61,1881.67,258,25.1141786,55.1403554
1049832182508679558,2,2,239406.54,50.76,1800.05,262,25.11866,55.10945
,2,2.5,239278,91.97,949.52,274,25.13126,55.15301
749688060169485485,2,2.5,237610.69,56.71,1405.98,298,25.12764511,55.15404249
719276303778165002,2,2.5,237221.4,79.82,1332.7,223,25.10311,55.14847
604929452485114464,3,3.5,235899.3,78.14,1404.16,215,25.10799,55.15206
594899696356082779,1,1.5,235855.23,78.16,1156.15,261,25.113775,55.13966
1187631443502397919,2,2.5,234768.17,63.75,1150.82,320,25.12763,55.15394
1045581565212307392,1,1.5,234643.31,94.25,682.1,365,25.11200284,55.13854045
1280136315036045880,2,2,234525.79,56.41,1522.89,273,25.0981098,55.13958658
1227978165322399503,2,2,234213.62,62.94,1301.19,286,25.10456739,55.14823162
41021775,2,3.5,234070.4,89.38,818.43,320,25.12259102,55.11135483
1117918028725679331,1,1.5,233916.15,85,859.99,320,25.11440901,55.13975444
1176518416677885028,1,1.5,233633.37,91.23,701.6,365,25.11207634,55.13867359
1140990152782494672,4,3.5,232652.81,73.93,1491.36,211,25.0990416,55.14022
1148371665974157141,2,3,231738.36,85.36,845.76,321,25.0987351,55.1411128
,3,3,231271.95,62.07,1835.49,203,25.1137,55.13665
1131722020670035347,2,2,231080.98,70.79,1036.24,315,25.0983984,55.1406875
1006227499838477435,1,1.5,229902.11,77.34,898.06,331,25.1069979,55.1526539
1242665933136019189,1,1.5,229351.24,88.68,813.3,318,25.13098642,55.15304433
1160690869135596261,2,2,229193.32,83.33,996.49,276,25.0977249,55.1402709
1237597989498807607,2,2,229178.63,73.17,1273.21,246,25.0976,55.13903
1167145393654249407,4,3,229141.9,65.98,1441.14,241,25.10786,55.15059
868989539618787557,3,3.5,228995,44.92,2160.33,236,25.1398,55.13837
1115027166768071037,2,2,228223.78,72.25,867.77,364,25.09902,55.14162
960513527778075457,4,3.5,227643.52,62.18,1331.25,275,25.0992385,55.1399058
1309914922033866327,3,4,227085.3,89.41,995.99,255,25.0976062,55.13822331
984484488534649008,2,2,226890.66,82.13,865.99,319,25.09754718,55.13998687
1188266313370020824,3,2.5,225957.85,87.25,1269.43,204,25.11154,55.13488
973924244675502360,2,1,225498.78,64.9,1418.23,245,25.1286,55.15399
41388491,2,3.5,225432.68,98.11,867.05,265,25.12083435,55.11099243
917825195892514686,2,2,225164.59,76.43,1052.17,280,25.11569,55.14152
,1,1.5,225138.88,66.96,1500.93,224,25.10433,55.148769
1336153008125839704,2,2.5,224294.2,63.44,1267.2,279,25.11758667,55.10960796
932359815210325998,4,3.5,224136.29,56.59,1932.21,205,25.0967221,55.13947205
704958509156598998,1,1,223893.9,75.31,1243.86,239,25.0989,55.13931
1151979958392624608,2,2.5,223809.43,82.18,1348.25,202,25.10403181,55.14832822
647859569593494573,2,2,223798.42,58.7,1184.12,322,25.0975842,55.1399019
1270809060331670174,3,3.5,222898.65,70.2,1295.92,245,25.0987642,55.1401943
770762070310304528,2,2.5,222681.98,65.56,1258.09,270,25.12949944,55.15309906
683714509112428279,3,3,221686.73,67.14,1572.25,210,25.11764534,55.10996584
1260039067525834845,3,3.5,220632.72,90.12,1007.46,243,25.10997345,55.13829535
1127399520562509249,1,1.5,219571.37,99.62,834.87,264,25.12848,55.15373
,1,2,218925.01,80.09,1295.41,211,25.09912,55.14024
944857093302783064,2,2.5,218844.22,75.35,1008.5,288,25.113739,55.136643
1049951699706196706,1,1.5,218796.47,95.33,715.02,321,25.11196398,55.13877649
1283105866949331559,2,2,218653.25,73.21,1066.6,280,25.0981,55.1398
1045443793067394096,2,2.5,218561.43,81.79,853.76,313,25.1308085,55.15325566
750428464089293077,2,2,218263.96,63.16,1136.79,304,25.12044,55.11142
52873384,2,2.5,217871,58.77,1757.02,211,25.10366,55.1476
1039594870058876599,2,2,217129.16,58.33,1409.93,264,25.12804,55.15445
,1,1,216692.13,72.88,971.71,306,25.130262,55.15384
1141839920821152736,2,2,216431.38,72.33,819.82,365,25.0981,55.14092
1228020414635212198,2,3.5,215641.8,72.7,880.17,337,25.09908536,55.12159591
44465559,2,2.5,215494.9,88.8,936.93,259,25.12597,55.12266
1298590671378908804,2,3.5,214933,77.13,951.03,293,25.10814077,55.14927934
749688735683051121,2,2.5,214646.55,61.09,1367.18,257,25.12764511,55.15404249
1011410413977114644,0,1,214584.12,78.59,800.69,341,25.11429,55.13899
,1,1.5,214275.63,63.61,1066.05,316,25.12023,55.10957
42134915,2,3.5,214150.76,92.36,843.11,275,25.11992,55.11121
1122931264948876465,2,2,214000.19,80.99,772.56,342,25.10008,55.1406
754892681291552181,2,2,212696.45,53.82,1208.5,327,25.09737,55.1399
,3,4.5,212659.73,84.76,1194.72,210,25.10433,55.14877
1228887118172028203,1,1,212534.86,76.92,850.14,325,25.09984,55.14083
865626499752065013,2,2,212141.9,77.42,982.14,279,25.09949399,55.14061492
1204189715323205037,2,2,211076.88,90.42,972.7,240,25.09928835,55.14068325
1221956039651910506,4,3.5,210790.43,61.48,1334.12,257,25.1127059,55.143224
998960972951022567,1,1,210772.06,65.4,1225.42,263,25.11276,55.138
1333958939262367704,2,2,209604.21,72.61,1197.74,241,25.0978549,55.1404177
1004874227187191158,1,1,209538.1,92.56,623.63,363,25.11151317,55.13859169
1380928593250917834,3,4.5,209501.38,50.83,2277.19,181,25.1189803,55.1314434
1260666417853128370,1,1.5,209126.78,89.1,882.39,266,25.1069979,55.1526539
1099749679561147302,1,1.5,209071.7,70.27,1148.75,259,25.10440125,55.14883481
720191964635234228,1,1.5,208851.35,78.68,797.14,333,25.12989998,55.15319824
1251450877941960838,2,2,208649.36,77.53,1007.97,267,25.1011489,55.1421993
1085258591325636221,1,1.5,208454.72,87.93,681.22,348,25.10651243,55.15199513
1039693863924371570,2,2,208440.03,86.32,1031.88,234,25.09946,55.14101
1052827545003148359,1,2,208300.47,90.68,629.31,365,25.11257,55.13792
1140865281594738749,3,3.5,208263.75,59.83,1456.39,239,25.0994,55.13996
1183091616995591624,1,1,208120.52,95.07,599.77,365,25.09808,55.13945
878686713753390945,3,3,207848.75,85.45,884.46,275,25.09875421,55.12200443
1496310874987892433,2,2.5,207720.22,69.03,1331.54,226,25.09957,55.1407
1096875451803634713,2,3.5,207650.44,96.28,891.2,242,25.1193584,55.11035281
1309121739894766934,2,3.5,207613.71,73.25,902.67,314,25.0990814,55.1215699
1265267169204521615,1,1.5,206776.38,83.82,725.53,340,25.11168803,55.13938562
1204240042050748978,2,2,206739.66,75.79,957.13,285,25.0990416,55.14022
1256555705665580521,1,1,206302.63,80.74,723.87,353,25.0987351,55.1411128
792550881456421644,2,2,205920.69,87.3,1248,189,25.09878063,55.14066366
1015996314331560158,5,4.5,205917.02,37.44,2820.78,195,25.1408,55.137
46466729,1,1.5,205678.31,71.04,1117.82,259,25.10433006,55.14876938
1080188747963628652,1,1.5,205542.42,94.75,599.25,362,25.1121875,55.1386875
784857121411343145,1,1.5,205248.62,77.69,1016.08,260,25.10795,55.14256
1279532227986891170,2,2.5,205149.47,64.29,1266.35,252,25.104462,55.148837
1141877339415432035,1,2,204958.5,91.78,611.82,365,25.0990814,55.1215699
736711112125803756,2,2,204782.22,81.06,839.27,301,25.12762441,55.15390239
1188240511337557806,1,1,203856.97,85.75,651.3,365,25.0967614,55.1394516
717171157403920579,1,1.5,203849.62,79.21,849.37,303,25.1298008,55.15309906
1285293557167957385,1,1.5,203790.86,93.4,1029.25,212,25.1141446,55.13993161
1482453475217255903,0,2,203438.3,69.43,1105.64,265,25.09891,55.14167
1217300532539600130,2,2,202964.55,84.25,825.06,292,25.09664,55.13945
,4,3.5,202887.43,46.77,2158.38,201,25.1127,55.14322
1291126122306624642,2,2.5,201715.9,87.97,862.03,266,25.1145375,55.1363281
1084445859234735256,2,2,200470.92,89.38,992.43,226,25.09837021,55.14131954
1171565727089414897,1,1,199835.58,92.76,708.64,304,25.0990416,55.14022
810637517801962053,1,1.5,199795.18,79.7,759.68,330,25.11111291,55.1365668
988822067932496008,2,2.5,199141.48,66.67,921.95,324,25.1121875,55.1386406
,2,2,199009.27,63.16,1507.65,209,25.096121,55.139154
1118141685578422443,1,1,198829.31,88.56,733.69,306,25.11440901,55.13975444
1188389711790371354,2,2.5,198597.94,82.26,738.28,327,25.098594,55.12158
36999412,2,2.5,198227.02,64.16,1107.41,279,25.10945,55.14334
1197759318914862178,1,1.5,197856.1,67.23,831.33,354,25.1202273,55.1095678
836431230524873393,4,3.5,197786.32,65.38,1454.31,208,25.11288076,55.14332592
1077243605779733292,1,1.5,197198.72,94.75,574.92,362,25.11122172,55.13794795
1203522715555430486,1,1,196882.67,74.79,721.18,365,25.09871674,55.14110565
41176392,2,3.5,195850.7,87.5,874.33,256,25.12189102,55.11086655
1284537367171161311,1,1.5,195802.96,87.85,629.59,354,25.11155737,55.13844156
1240361788000551088,1,1,195252.08,89.21,638.08,343,25.11209,55.13859
898979703762729350,2,2,194216.44,74.49,886.83,294,25.09677168,55.13944687
1063291830818333384,2,2,193948.34,73,731.88,363,25.10179,55.14177
613545129158031086,2,2.5,193841.84,40.82,1778.37,267,25.107,55.15014
1322328289200510100,2,2,193412.16,92.89,925.42,225,25.10212,55.14326
1111400458538784060,2,2.5,193158.76,77.03,847.19,296,25.1121932,55.1386346
1122231871414583260,2,2,192607.88,72.38,735.14,362,25.09842,55.14056
1288992891013780057,2,2.5,192483.02,76.39,1166.56,216,25.100638,55.141931
1368744919616231210,4,3.5,192141.48,55.5,1731,200,25.09781103,55.14032738
1081286014957928126,1,1,192086.39,90.96,578.57,365,25.1121875,55.1386875
1033316898975025648,2,2,191509.81,57.09,1320.76,254,25.09686111,55.13984744
1439729423113300927,2,4,191182.95,63.86,1482.04,202,25.11098332,55.1397116
991083304092759074,1,1,190808.36,81.97,954.04,244,25.11338,55.141
784559189688202746,2,2.5,190801.01,83.64,829.57,275,25.1067996,55.1509661
1129058067848992412,2,2,190397.04,79.62,902.36,265,25.09924007,55.14075379
995513022922290042,1,1.5,189882.89,80.58,762.58,309,25.1159397,55.1407374
1021725211703073886,1,1,189530.33,98.25,564.08,342,25.1121932,55.1386346
669217340637286983,2,2,189438.52,79.58,991.82,240,25.09875,55.13862
1086693808843014654,1,1.5,189361.39,92.56,563.58,363,25.1121875,55.1386875
1241894083330137971,3,3,189185.11,81.14,1022.62,228,25.1074143,55.1501898
1254822157337450245,3,3.5,189107.99,64.63,1277.76,229,25.09673208,55.13885928
53794282,2,3.5,188623.22,77.78,869.23,279,25.12014008,55.11037445
1322378335915991858,3,3.5,188461.63,84.67,812.33,274,25.1158,55.13935
980246669046925974,2,2.5,188211.9,72.48,1006.48,258,25.0987642,55.1401943
,2,1,187778.55,86.93,705.93,306,25.09821,55.13949
51662811,2,2.5,187752.84,59.39,873.27,362,25.09989,55.11994
1421686961909541347,2,2,187407.62,73.56,976.08,261,25.0975842,55.1399019
1354867124664582407,3,2.5,187323.16,58.22,1429.95,225,25.1276284,55.1539424
1145526595956859711,2,2.5,187286.43,66.82,1328.27,211,25.11106306,55.13975802
1186145280985801057,1,2,186974.27,85.6,898.91,243,25.10928,55.1346
1186777986184484998,1,2,186853.08,92.31,677,299,25.11505,55.13922
780924096336537948,2,2.5,186735.56,56.81,1092.02,301,25.11686,55.1415
1233465843097961770,1,1,186423.39,80.39,649.56,357,25.09604,55.13753
1236765212407623623,1,1,186408.91,88.2,692.97,305,25.09640759,55.13734987
1179144288298658816,2,2,186082.05,73.56,857.52,295,25.10118,55.14272
1180897012812385143,1,1,185920.46,86.5,592.1,363,25.1121932,55.1386346
1049353408356414682,2,2,185894.76,70.62,1356.9,194,25.10119283,55.1422051
957846264264176344,2,3.5,185703.79,74.47,748.81,333,25.11346,55.14218
1134141839166077170,1,1.5,185417.33,56.76,1471.57,222,25.1039,55.1494
958503604905348546,3,3.5,184752.61,47.57,1454.74,267,25.09758,55.1399
1217285910802702209,3,4,183735.33,64.07,1241.45,231,25.0981909,55.14127064
1156929741494246894,1,1.5,183463.56,85.53,940.84,228,25.11440901,55.13975444
1107922531990729917,2,2,183335.02,84.43,889.98,244,25.0992385,55.1399058
,1,2,183103.65,70.48,1237.19,210,25.1114,55.137291
1321460127651484686,1,1.5,183030.2,74.19,1136.83,217,25.11021,55.13576
1330980501985453221,2,2,181304.13,84.23,827.87,260,25.09992999,55.14064449
1028759840372613343,3,3,180859.76,40,2318.71,195,25.10928,55.14056
1120040995663831219,1,1,180352.95,95.07,519.75,365,25.11165279,55.13848858
1125172787457415490,2,2,179401.77,82.93,1055.3,205,25.09818372,55.14101979
965235406029253978,2,3.5,179280.58,94.58,789.78,240,25.11919814,55.11084523
1391095162760751076,1,1,179159.39,72.54,713.78,346,25.09758604,55.13904839
939003319543567962,1,1,178711.15,81.37,601.72,365,25.11313,55.13981
1109976974615320500,2,2,178663.4,69.57,1116.65,230,25.09867681,55.14177799
674218081769217364,1,1.5,178391.64,76.52,675.73,345,25.11750031,55.10969925
1279034427030973456,1,1.5,178266.77,86.94,652.99,314,25.11161,55.13857
1251103016454627206,0,4,177895.85,60.96,1560.49,187,25.12261843,55.15392048
1241889282418294092,2,2,177884.83,75.61,1147.64,205,25.09953754,55.14099744
1446353730710313589,1,1,177730.59,74.68,753.1,316,25.09739637,55.14160551
1196276276537591770,1,1,177624.09,75.27,845.83,279,25.0990416,55.14022
,1,1,177598.38,81.61,833.8,261,25.09676,55.13945
1041796391927634407,2,2,176966.71,62.66,1171.96,241,25.13128635,55.15288851
1165903318407369186,3,3.5,176573.75,64.5,1044.82,262,25.10777894,55.15132391
594051227948531976,1,1.5,176426.85,77.69,938.44,242,25.113892,55.139572
1197758765276777322,1,1.5,176338.71,70.37,773.42,324,25.1313252,55.1529958
731739950842895852,1,1,176107.34,50.78,1354.67,256,25.09932,55.13936
1300477384676701652,1,1,176081.64,80.86,718.7,303,25.0987351,55.1402154
1244599040332687841,2,4.5,176074.29,74.18,1304.25,182,25.10791,55.14926
999882878253858812,1,1.5,176033.89,84.49,577.16,361,25.1131,55.13776
1161365490406216234,1,1,175864.96,96.69,501.04,363,25.11176936,55.13878899
1084107669345081411,2,2.5,175673.99,62.6,1140.74,246,25.1146,55.1356
1286039447698277249,1,1,175596.87,79.87,713.81,308,25.09786683,55.1404631
863609856055014684,1,1,175578.5,82.99,734.64,288,25.09695,55.13893
1189675666935721497,1,2,174851.35,94.65,580.9,318,25.09738,55.12086
1169561747986268901,1,1,174818.3,82.74,578.87,365,25.09947,55.13973
582323326027631047,2,2.5,174759.54,75.67,878.19,263,25.09755,55.14027
594035626705000118,1,1.5,174432.69,82.86,1002.49,210,25.113998,55.139893
776675163815960477,2,3,174263.75,60.92,1096,261,25.12937,55.15313
1078683721000145537,2,2,173955.26,65.52,1017.28,261,25.0981,55.14092
1099019098115393597,2,2,173815.71,79.65,944.65,231,25.10225,55.14328
1065119924091641221,2,2,173720.22,75.66,1214.83,189,25.09876,55.14019
1257788885305555834,0,1,173029.79,78.06,631.5,351,25.11377525,55.13996506
1378823255444411202,4,3.5,173022.45,78.97,1123.52,195,25.09842213,55.14013806
1319456135574211254,2,2,172912.27,92.59,768.5,243,25.0983984,55.1406875
1226566731311620568,1,1,172860.86,89.37,555.82,348,25.11154708,55.13850859
1217152410299812135,0,1,172853.51,92.6,511.4,365,25.111691,55.138266
890257037991546209,1,1,172640.51,92.52,634.71,294,25.0981282,55.1397625
1213616097912623703,3,2,172570.73,51.09,1835.86,184,25.11357,55.1385
745356521057191309,2,2.5,172130.03,54.09,1238.35,257,25.11158,55.13563
1359347651053034154,2,2.5,172005.16,45.04,1578.03,242,25.10447665,55.14809775
1031648299427253631,1,1,171678.31,72.3,692.25,343,25.10023,55.14166
1112023490323775255,1,1,171355.13,52.98,1134.8,285,25.09991406,55.13986674
919349913129259110,1,1.5,171281.68,46.89,1747.77,209,25.1131801,55.1407706
1256521266406954365,1,1,171002.57,79.37,684.01,315,25.0987351,55.1402154
778020829847475210,1,1,170870.36,73.9,635.21,364,25.11368,55.13986
1227225185561341253,0,1,170381.92,95.83,529.14,336,25.1121932,55.1386346
1060134474799970965,1,1,170231.35,94.17,502.16,360,25.11122172,55.13794795
53607528,1,1,169878.79,78.23,685,317,25.11155,55.13957
1267156820661010194,2,2,169687.82,55.09,1162.25,265,25.0999661,55.14109937
1111348807065221656,1,1,169324.24,63.86,798.7,332,25.09929,55.14115
1162211821972699172,1,1,169316.89,88.22,525.83,365,25.0981,55.14092
1388915963296130670,2,1.5,169294.86,57.77,990.03,296,25.11530174,55.14076219
1199131185271306263,0,1,169107.56,73.41,638.14,361,25.1121932,55.1386346
1142114955693053846,1,1,169078.18,89.83,797.54,236,25.09839722,55.14159998
1339015956058841800,1,1.5,168993.71,81.01,880.18,237,25.13136131,55.15294105
1117832360205349308,1,1,168457.53,78.95,935.88,228,25.10932,55.14796
1078703250689000149,1,1,168130.68,79.66,596.21,354,25.0981,55.14092
1304985935095211261,1,1.5,167789.13,80.61,707.97,294,25.1137853,55.1399566
1166513840819032927,0,1,167741.39,97.81,469.86,365,25.11176,55.13778
1444678094774523875,2,2,167249.28,73.73,889.62,255,25.09832,55.14021
1446977902799615611,3,3.5,167050.96,54.5,1380.59,222,25.1127,55.14102
1446224331793762578,1,1,166342.17,64.22,1188.16,218,25.1121932,55.1386346
1115804673747147786,1,1,166320.13,95.13,654.8,267,25.1131156,55.1379555
1322576049275248291,4,3.5,166037.35,57.44,1482.48,195,25.09657,55.13953
890107989655486787,1,1,165464.44,97.26,518.7,328,25.09958,55.13913
1173287125676380405,1,1,165357.94,87.71,626.36,301,25.0984,55.1407
,1,1.5,165335.9,93.44,683.21,259,25.11126,55.14345
1351092002312424190,2,2.5,165203.7,77.25,917.8,233,25.09978,55.14086
1234492751729877954,1,2,165133.92,49.54,1032.09,323,25.12867621,55.15379841
1183843000564402338,3,3,165023.74,54.39,1269.41,239,25.11166,55.1433
,1,2,164887.86,62.68,766.92,343,25.108603,55.137695
843445820805521469,1,1,164619.77,72.07,1028.87,222,25.10828,55.14964
660554331111604649,2,2.5,164395.75,86.22,847.4,225,25.0981282,55.1397625
1141007715774463160,1,1.5,164278.23,75,739.99,296,25.1122512,55.1378421
,1,1.5,164179.07,55.95,943.56,311,25.111694,55.11239
1166554982184487499,1,1.5,163521.69,89.54,596.79,306,25.11284,55.13785
1273819127619538299,1,1,163018.56,79.73,702.67,291,25.11382416,55.1395489
792558559426378988,1,1,162625.6,89.7,778.11,233,25.09881523,55.13992119
1228883492044250802,1,1.5,161718.49,78.72,624.4,329,25.11126,55.14148
1035328463666023648,3,3.5,161424.69,65.35,1222.91,202,25.1066865,55.1491811
1066761746878295321,1,0,161343.9,74.59,704.56,307,25.09961813,55.14071306
873553725358526824,0,2,161332.88,79.76,818.95,247,25.09956,55.13904
1135450564275176677,1,1,161292.48,81.02,674.86,295,25.10021,55.14253
1218614037091425612,1,1.5,161252.09,82.16,814.4,241,25.1124317,55.138978
893210264517287090,3,3.5,161031.74,62.32,1248.31,207,25.11362,55.1428
1315699587116217096,2,2.5,160881.16,82.07,1065.44,184,25.09777128,55.1402725
1090440470497611901,3,2.5,160675.5,51.49,1327.9,235,25.1110926,55.1433174
1162187628293931492,1,1,160605.73,87.5,533.57,344,25.0981,55.14092
1197758209727803058,1,1.5,160337.63,65.17,848.35,290,25.13081,55.15314
40799839,2,3.5,160212.77,89.43,789.23,227,25.11814,55.1102
1178985898626157470,0,1,160117.28,97.01,494.19,334,25.11312,55.13963
1031875726847654599,1,1,159599.46,86.28,667.78,277,25.11140685,55.13770368
1336006045958558613,4,3.5,159272.78,31.22,2308.3,221,25.09846714,55.14082014
1207937459320614481,1,1,159206.68,87.88,548.99,330,25.11161,55.13857
1439558638326940401,1,1.5,159188.32,60.31,1007.52,262,25.1138193,55.13977957
1105547471167529767,1,1.5,159012.03,86.59,665.32,276,25.11157146,55.13814107
40459967,2,3.5,158832.08,88.13,822.96,219,25.12014008,55.11036301
1206215820636917410,2,2.5,158373.02,91.35,937.12,185,25.1157508,55.1424985
740923350883894459,4,3.5,158174.7,65.43,1285.97,188,25.09731,55.13978
788176644206769790,1,1.5,158112.27,81.44,735.41,264,25.11522,55.14096
40712802,2,3.5,157939.66,84.21,897.38,209,25.12014008,55.11035156
,0,1,157910.28,76.45,797.53,259,25.11219,55.13863
1051279589264679917,2,2,157877.23,90.45,877.1,199,25.09919,55.14133
1007932754092530617,1,1,157796.44,91.61,534.9,322,25.11122172,55.13794795
43120241,1,1.5,157781.75,76.92,928.13,221,25.1414,55.13705
1112380494459659747,1,1.5,157392.46,95.05,546.5,303,25.11126058,55.13867752
1272407991498017370,2,2,157142.73,78.51,877.89,228,25.09932959,55.14065123
1293336937243867477,2,2.5,157069.28,72.9,1006.85,214,25.11115,55.13845
1165817880489648374,1,1.5,157025.21,70.59,688.71,323,25.12763,55.15394
1152660680731675972,2,2.5,156327.44,88.43,730.5,242,25.11178879,55.13887482
793893188761467662,1,1.5,156088.55,83.75,776.56,240,25.1159397,55.1407374
614982195222403613,2,2,155945.33,93.4,847.53,197,25.09687,55.139568
903332604747000741,1,1.5,155868.2,81.4,890.68,215,25.11377,55.14004
1240383755770977686,1,1,155677.23,89.5,869.71,200,25.09843911,55.13914023
573712116115316359,0,2.5,155666.22,78.89,991.5,199,25.09648,55.14074
1428269701458523243,1,1,155647.85,78.46,762.98,260,25.11267,55.13764
1300505826973264952,1,1.5,155486.26,88.85,591.2,296,25.11161,55.13857
1193320841276677448,2,2,155251.22,71.48,764.78,284,25.1002,55.14111
1186150752195223519,1,1.5,155122.69,69.92,618.02,359,25.11288,55.13893
1049793012521876422,1,1,155089.63,77.58,605.82,330,25.09808922,55.14092255
1356477985677715135,2,3,154814.2,81.78,841.38,225,25.10037986,55.14035154
1069658378666907217,0,1,154630.57,69.1,960.44,233,25.11193017,55.13857359
643221392254990243,1,1.5,154351.46,81.03,612.51,311,25.09807,55.14011
1257689080179134367,2,2.5,154248.63,77.35,852.2,234,25.11505018,55.13891863
,1,1.5,154178.85,74.01,685.24,304,25.11551,55.14031
984020623430574529,1,1.5,154013.59,85.77,751.29,239,25.1286337,55.1538954
1129723813823204470,1,1,153852,92.12,693.03,241,25.11145488,55.1386346
1264361793813756647,1,1,153690.41,77.13,584.37,341,25.09829872,55.13947717
1052054747038670491,1,1,153429.66,93.26,616.18,267,25.09733,55.1397
877501504715086253,1,1.5,153400.28,78.39,631.28,310,25.0988668,55.12192612
1177795690914866142,1,1,153047.72,86.26,487.41,364,25.11210577,55.13862924
1227408679875945830,1,1,152981.62,78.59,595.26,327,25.09794905,55.14075628
1172933656514316550,1,1,152904.5,83.29,502.98,365,25.11211129,55.1386721
5777080,1,1.5,152449.11,60,996.4,255,25.11582565,55.1408844
667514615849464998,0,3.5,152269.15,57.84,1290.42,204,25.11409,55.13576
1317168434209119602,2,2.5,152059.82,84.12,652.62,277,25.1078457,55.1461198
1435398505722327359,2,2,151743.99,75.69,1107.62,181,25.09802043,55.14091184
760145787160037583,1,2,151310.63,91.59,534.67,309,25.0988951,55.1207967
1249717444587878281,2,2,151270.23,78.75,800.37,240,25.1124317,55.138978
1294100010850824551,1,1,151244.53,67.11,741.39,304,25.1276393,55.15324056
627201163735592722,2,2,151196.78,67.56,854.22,262,25.09811,55.13937
1177344494571562157,1,1,151178.42,75.25,663.06,303,25.09833,55.14147
624230249006473058,1,1,151071.92,78.3,530.08,364,25.097534,55.140182
1067120711069925507,2,2.5,150991.12,66.12,1247.86,183,25.1176,55.1096
572290458652924903,1,1.5,150792.81,77.85,649.97,298,25.09604,55.13883
1232730055728648556,1,1,150682.63,78.31,579.55,332,25.0978549,55.1404177
969254135041761260,1,1.5,150594.49,79.63,700.44,270,25.12857895,55.15392726
896949659291211433,1,1.5,150583.48,72.99,592.85,348,25.12793,55.1534
1141912360724112181,2,2,150440.25,66.99,726.76,309,25.11283,55.14412
40749969,2,3.5,150407.2,95.14,854.59,185,25.12026024,55.11049652
53034518,1,1.5,150223.57,72.88,564.75,365,25.126753,55.153568
1149865794008950470,2,2.5,150095.03,73.64,926.51,220,25.116378,55.1384068
1177250700016555943,1,1,149951.81,72.32,717.47,289,25.09874237,55.14110609
995496295678043868,1,1.5,149874.68,89.36,594.74,282,25.1121932,55.1386346
1482675946902347561,0,1,148739.88,66.9,774.69,287,25.10166297,55.14367244
1276584114519302253,1,1,148442.41,76.89,811.16,238,25.1131974,55.1388547
1268926183784102952,1,1,148273.47,79.23,904.11,207,25.09662355,55.13936197
738772131660134105,2,3,148251.44,58.3,1140.4,223,25.1078,55.14978
1279999130781944045,1,1,147865.83,87.81,526.21,320,25.10225,55.14362
772167045432535141,2,2.5,147803.39,46.03,1063.33,302,25.10772,55.14868
1167328486176123099,1,1,147777.69,74.37,717.37,277,25.11467,55.14239
994154780387120172,1,1.5,147744.63,71.01,615.6,338,25.11245,55.13808
1253788810897991780,1,1.5,147601.41,78.27,602.45,313,25.11319142,55.13776755
1323280406027530553,2,2.5,147542.65,72.65,867.9,234,25.10078,55.14208
1132957316062315944,1,1.5,147384.73,82.35,701.83,255,25.12764532,55.15402356
1024341030387170322,0,1,147109.29,82.92,488.74,363,25.11151317,55.1387258
1370975710130113787,3,4.5,147109.29,36.23,1961.46,207,25.1404608,55.1371386
778612659345208894,2,2.5,146888.94,41.27,1412.39,252,25.13135,55.15299
1114934004603569716,1,1,146786.11,72.3,591.88,343,25.0981,55.14092
1120840771948811339,1,1.5,146771.42,87.08,621.91,271,25.1301775,55.1527583
1157178731564920135,1,1.5,146617.18,87.76,584.13,286,25.1121932,55.1386346
1488330305902266785,1,1.5,146455.59,58.27,904.05,278,25.1121932,55.1386346
1257092647112895765,1,1,146110.37,79.25,531.31,347,25.1112267,55.13816528
746783395898880314,2,2.5,144905.79,79.74,800.58,227,25.0985,55.14019
1060590631038514929,1,1.5,144869.07,56.9,857.21,297,25.13111,55.15414
1290411912068991279,1,1.5,144567.92,72.13,657.13,305,25.11229983,55.13860031
1288923896938646292,2,2,144509.16,62.44,1047.17,221,25.09832251,55.14183518
1074512919515774132,1,1.5,144483.46,68.03,722.42,294,25.1313252,55.1529958
1160723877905157422,2,2,143984,59.89,1320.95,182,25.0967614,55.1394516
804854767799940565,1,1.5,143928.91,86.08,705.53,237,25.1113995,55.137291
48099333,1,1.5,143903.2,67.96,1027.88,206,25.13949,55.13696
1027301059755107237,0,1,143484.54,79.4,600.35,301,25.1137853,55.1399566
1295406915623634012,2,2,143469.85,57.14,1280.98,196,25.09893463,55.14088103
1252676981520410753,1,1,143403.74,86.79,519.58,318,25.11167395,55.13848447
603941665973608185,1,1,143385.38,76.47,848.43,221,25.09706,55.13945
1128860417099963984,1,1.5,143216.44,76.32,705.5,266,25.11132293,55.14345299
978094366675025805,3,3,142977.73,79,904.92,200,25.09892204,55.12091959
1253597348269902495,2,2.5,142933.66,69.57,992.59,207,25.09856054,55.14159217
1293985401840384979,2,2.5,142863.88,69.38,985.27,209,25.12552,55.15243
978771295058695371,1,1,142838.18,74.86,527.08,362,25.11217,55.13886
1176120567698357025,1,1,142750.04,65.02,679.76,323,25.11132,55.13966
1300516521834838893,1,1.5,142742.69,87.65,648.83,251,25.1315862,55.15299215
537061055239307515,4,3.5,142713.31,52.5,1359.17,200,25.11269951,55.14319992
1221510700270907257,1,1,142503.98,69.45,659.74,311,25.11299,55.13822
1241892301578190500,1,1,142140.4,87.01,707.17,231,25.11219,55.13864
1096860844183194015,2,2,141677.67,62.62,1098.28,206,25.09913,55.14025
1186726968139398662,1,1,141637.27,88.11,562.05,286,25.09785573,55.14069503
1157101870761560996,1,1.5,141556.47,92.86,573.1,266,25.1124317,55.138978
741214143378361955,1,1,141446.3,92.98,444.8,342,25.10006,55.122
1283981718996053502,1,1,141314.09,83,689.34,247,25.09946768,55.14005337
1259285794664810129,1,1.5,141273.69,84.89,739.65,225,25.1115768,55.13835573
47721452,1,1.5,141222.28,87.59,588.43,274,25.1294747,55.1531452
1284541644615280953,2,2.5,141071.7,79.59,904.31,196,25.11007917,55.14979349
918787435070096059,1,1,140719.14,94.3,500.78,298,25.11156044,55.13846777
1092631503503428125,2,2,140579.59,67.88,1073.13,193,25.1015713,55.1425683
1008659001005036408,1,1,140406.98,92.62,559.39,271,25.11032796,55.13760463
647616347118313659,1,1,139790,77.37,743.56,243,25.10963,55.1478
827908389307434967,2,2,139639.43,77.83,846.3,212,25.0975842,55.1399019
1175976656864117040,0,1,139536.6,98.33,474.61,299,25.11294,55.13813
996190609754128040,1,1.5,139290.54,82.48,721.71,234,25.1132402,55.1408354
1076739996461157065,1,1,139250.14,71.8,563.77,344,25.0975842,55.1399019
639529378562762876,1,1.5,139180.37,83.73,795.32,209,25.10499,55.14842
1285256416384276862,1,1.5,139077.54,48.77,1404.82,203,25.11378325,55.13995768
1208615429285645960,0,1,138614.8,93.17,507.75,293,25.111642,55.138211
1185412387761659563,1,1.5,138467.9,79.45,477.48,365,25.1121932,55.1386346
1122299220559241656,1,1,138196.14,68.84,568.71,353,25.09968607,55.14100737
1069475045235726954,1,1,137939.06,78.15,653.74,270,25.09994,55.1394
,1,1.5,137869.28,48.41,1130.08,252,25.128859,55.148647
1176484600757419645,1,1,137601.19,85.71,546.04,294,25.11213904,55.13870163
1221449280782882031,1,1,137325.76,71.85,707.86,270,25.11322,55.13952
1359341721300576113,1,1.5,137149.48,76.13,811.54,222,25.1095,55.14158
1192717320682349439,1,1,136976.87,78.47,606.09,288,25.09831,55.14188
1178034039857504939,1,1,136885.06,87.46,516.55,303,25.1121932,55.1386346
750458837975739181,1,1.5,136712.45,72.6,644.87,292,25.12759972,55.15399933
1017094414018749329,1,1.5,136705.1,74.5,731.04,251,25.11315,55.1395
1370789976914841481,3,3.5,136616.96,80.1,827.98,206,25.1087143,55.1484084
1111440997366620194,1,1,136481.08,75.09,637.76,285,25.09803,55.14043
1338297482137883313,2,2.5,136337.85,46.84,1228.27,237,25.10002093,55.14115957
1096112994831330440,1,1,136271.75,73.2,608.36,306,25.1121932,55.1386346
730866684003201325,1,1,136257.06,89.84,481.47,315,25.11642,55.13381
1314298474432992342,2,2.5,136253.39,64.29,1081.38,196,25.12763,55.15394
1355704824047531400,3,2.5,136062.42,53.93,1320.99,191,25.11304836,55.14322314
806382770321034417,1,2,135629.06,69.5,753.49,259,25.09972108,55.12056236
1117222961347708699,1,2,135566.63,94.31,681.24,211,25.1114,55.13729
1253277448306100311,1,2,135144.29,67.85,640.49,311,25.11165,55.13801
1283749449853806365,1,2,134916.6,81.33,737.25,225,25.11206,55.13866
772095729294141947,1,1,133987.45,86.71,540.27,286,25.09954483,55.14104127
1181309754893350604,1,1,133939.71,72.43,761.02,243,25.09845,55.13872
1019200463572612222,1,1,133403.53,52.71,980.91,258,25.12685,55.15302
808693337551676776,1,1,133366.8,73.78,676.99,267,25.09623,55.13908
1161418460565569613,1,1,133139.11,71.48,625.07,298,25.0978,55.13923
1308521964082062071,2,2,133061.98,58.33,826.47,276,25.09870054,55.14005353
1184909665864642768,2,3.5,133010.57,57.59,1209.19,191,25.1222497,55.1320653
615635657771021408,1,2.5,132988.53,70.97,671.66,279,25.1326,55.1517
,1,1,132691.06,68.15,721.15,270,25.1114,55.13795
1077393377408893074,0,1,132661.68,79.59,493.17,338,25.11215896,55.13864657
1098977872833698132,1,1,132654.34,90.31,508.25,289,25.09956625,55.14100022
,1,1,132624.96,64.18,771.08,268,25.11122,55.1379
1237486277757390938,0,1,132452.35,77.98,613.21,277,25.1121932,55.1386346
982370644753081681,1,1,132323.81,86.11,711.42,216,25.09755,55.14114
1282452599917622693,1,2,132173.24,86.92,584.84,260,25.10005,55.12138
,1,1,131927.18,65.81,640.42,313,25.11219,55.13863
760762900211923389,1,1,131879.44,66.79,720.65,274,25.098691,55.1401086
894620732980007855,1,1.5,131479.14,81.55,692,233,25.1111125,55.1396406
,1,1,131405.83,69,702.7,271,25.11091,55.1384
1137465028110857582,2,2,131391.14,61.29,987.9,217,25.1121932,55.1386346
548852505997216223,3,2.5,131288.31,85.64,815.46,188,25.10784,55.15011
1213154086462149942,2,2,131185.48,61.29,986.36,217,25.0977756,55.1403936
,0,1,130987.16,88.89,454.82,324,25.11707,55.13643
1223021429629392390,1,1,130876.99,74.59,484.73,362,25.1121932,55.1386346
1140412604051433162,0,1,130777.83,71.82,551.81,330,25.1121932,55.1386346
1044949044330007868,1,1.5,130300.41,78.24,696.79,239,25.1113995,55.137291
1019604297036883116,1,1,129753.2,76.16,527.45,323,25.1121932,55.1386346
1260040567903752507,1,1,129474.09,68.55,593.92,318,25.09818465,55.13959316
46779496,1,1.5,129242.73,80.97,595.59,268,25.127546,55.153675
1237613150683937328,0,1,129081.14,74.93,502.26,343,25.12861,55.15417
1034555652145129433,2,3.5,129059.1,49.45,963.13,271,25.11951,55.10919
1091149204640945978,2,2,129029.72,46.37,962.91,289,25.0981042,55.140921
1122287114195265264,1,1,129026.05,70.06,586.48,314,25.09982157,55.14089292
973585360955645314,0,1,128816.72,86.72,548.16,271,25.11178,55.1376
821521331809505955,1,1.5,128339.29,65.12,763.92,258,25.13019967,55.15359661
905476489084077660,1,1.5,128328.27,67.73,671.88,282,25.09924,55.13863
1019228785543263362,1,1,128214.29,83.49,724.37,212,25.09811551,55.13977879
53945440,2,2,127883.76,58.6,1173.25,186,25.09745,55.13843
977100661116748060,1,1,127817.66,78.05,570.61,287,25.11247,55.13834
,1,1,127806.64,64.9,946.72,208,25.11388,55.14046
1370120998439689515,3,3.5,127615.67,44.12,1417.95,204,25.1404608,55.1371386
1067373097757933991,1,1,127075.81,64.53,602.26,327,25.0981,55.14092
719308692071582880,2,2,127042.76,57.29,1154.93,192,25.11672,55.14196
1117892098602466922,1,1.5,126980.33,95.14,540.34,247,25.1121875,55.1386875
46769732,1,1.5,126818.74,77.61,609.71,268,25.12791,55.15364
780970085606507791,1,1.5,126569.01,70.88,626.58,285,25.11531,55.14155
677919677463365105,1,2,126154.01,88.62,578.69,246,25.09869455,55.12228291
1188114181434831595,1,1,126146.67,89.01,778.68,182,25.11494,55.13981
1172116810138270841,2,2,125963.04,62.61,906.21,222,25.11166,55.14009
1108454872967477934,1,2,125838.18,91.05,537.77,257,25.09888708,55.12139824
1505942263169408139,1,2,125562.74,68.6,884.24,207,25.1121932,55.1386346
1352676434842970857,1,1.5,125559.07,94.76,578.61,229,25.11468549,55.14105939
1218920415860960099,3,3.5,125470.93,35.8,1442.19,243,25.10226,55.14116
1183119538957471336,2,2.5,125320.36,49.75,1253.2,201,25.10872,55.14198
1162064544375139081,1,1,125188.28,86.53,590.51,245,25.0981,55.14092
1034558134516121575,4,4.5,125015.67,38.07,1666.88,197,25.11092,55.14256
53427317,1,1,124997.31,95.93,589.61,221,25.11246,55.14406
1001291910688919672,2,1.5,124747.58,57.46,1199.5,181,25.10938,55.1418
1123611499904999085,0,1,124743.91,70.48,653.11,271,25.11286,55.14103
,1,1,124692.49,61.14,890.66,229,25.097855,55.140418
1436018143039202253,0,1,124688.82,71.8,569.36,305,25.11227598,55.13862046
1232441091184992617,1,1.5,124615.37,74.46,602.01,278,25.12416,55.15414
1272900556530697678,2,2,124391.35,63.41,956.86,205,25.09660758,55.14040224
696842221023998510,1,1.5,124248.12,61.43,690.27,293,25.11580086,55.14250183
983389794285087127,2,2.5,124071.84,37.12,1266.04,264,25.11762,55.13435
1264251864553104608,1,1,123752.33,87.83,612.64,230,25.11778221,55.14288284
1329437538589456598,2,2.5,123715.61,47.69,1201.12,216,25.10001466,55.14114449
1249048366479981368,2,2.5,123675.21,66.38,792.79,235,25.09764201,55.14194297
,1,1,123557.69,73.06,690.27,245,25.11114,55.13829
54142780,1,1,123429.15,64.47,629.74,304,25.11337,55.13947
999091387064665037,1,1,123407.12,62.36,752.48,263,25.11158,55.13975
1003487570717732079,1,1,123289.6,83,587.09,253,25.11238,55.13897
1112023454471273276,1,1.5,123094.82,81.07,624.85,243,25.0979,55.14158
1373703613442923863,2,2,122753.28,85.28,730.67,197,25.1006314,55.1421659
961409582862967158,2,2,122723.9,56.8,1048.92,206,25.09904906,55.14040164
1165849939357545140,1,1,122635.76,67.18,936.15,195,25.10013,55.13956
43178924,2,3.5,122345.63,53.21,703.14,327,25.10706,55.15101
1326809868635490899,0,1,122323.6,83.71,553.5,264,25.11592,55.13496
1229519444171848863,1,1,122294.22,78.14,633.65,247,25.09934,55.14018
1183461932397871113,2,2,122180.37,69.63,918.65,191,25.09860723,55.14136858
713588301889935944,1,1,121754.36,95.93,470.09,270,25.11506,55.13463
873424042424749089,1,1.5,121276.93,70.93,753.27,227,25.11644,55.14006
1292629586780624129,1,2,121067.6,60.7,776.07,257,25.10931162,55.14705114
1366489701670987607,3,3.5,120843.58,50.8,1272.04,187,25.12099262,55.15450098
1326026711569083944,1,1,120711.37,75.09,606.59,265,25.12766,55.15391
579512516838905091,1,1,120531.42,60.84,692.71,286,25.11157,55.13925
1322396151667458477,1,1,120527.74,77.57,571.22,272,25.10221,55.14346
1244231200933785640,0,1,120142.13,69.63,494.41,349,25.11156,55.13821
45985735,1,1.5,120120.1,80.18,660,227,25.129572,55.153393
1052786033154810483,1,1.5,120053.99,74.55,718.89,224,25.11305,55.13721
1293939125058185863,2,2,120050.32,61.66,1008.83,193,25.09758568,55.13990021
1281296181257896064,1,1,119631.65,54.58,716.36,306,25.11161393,55.13857441
1321572812724275540,0,1,119532.5,87.25,545.81,251,25.11541,55.13958
690968416794081817,0,1,119466.39,91.13,464.85,282,25.11633,55.13587
1284690806746012754,1,1.5,119433.34,50.25,1206.4,197,25.12959218,55.15357263
1282557394728891822,1,1,119337.86,87.4,537.56,254,25.1121932,55.1386346
1150563489859955581,1,1,119235.03,70.15,507.38,335,25.11317,55.13974
767154550096819420,0,1,118867.78,78.14,615.9,247,25.11272,55.13967
,1,1,118816.36,57.84,766.56,268,25.11087,55.13782
1181624642053395564,1,1,118794.33,68.62,724.36,239,25.11353542,55.14038987
969479068951079586,2,2,118687.82,66.38,760.82,235,25.10023,55.14042
1318757892742134540,2,2,118559.29,73.02,859.13,189,25.0987351,55.1411128
1026505361811097030,1,1,118515.22,86.67,569.78,240,25.11194423,55.13878899
1030936847611862225,1,1,118474.82,89.1,499.89,266,25.10041,55.13974
1236778968908504331,1,1,118438.09,66.82,828.24,214,25.11219,55.13864
1201357627101927005,1,2,118203.05,88.21,509.5,263,25.098602,55.121448
1081875074088591767,1,1,118192.04,65.99,603.02,297,25.0981,55.14092
1262061520499555230,1,1,118129.6,74.64,757.24,209,25.09858395,55.14138391
1276775506554466719,1,2,118048.81,82.87,659.49,216,25.09921742,55.12114075
594007060849991188,1,1,118048.81,49.7,715.45,332,25.11388,55.14046
1053472761458471653,1,1,117806.42,75.44,555.69,281,25.09851,55.1414
1058664986585807783,1,1,117758.68,72.6,779.86,208,25.1121932,55.1386346
879565959216584305,1,1.5,117714.61,80.85,619.55,235,25.1110522,55.13736331
1088190221163557322,1,1,117630.14,81.32,562.82,257,25.11219291,55.13864676
1196125673282762172,2,2.5,117567.71,57.27,933.08,220,25.1152,55.13986
1216529074289337489,2,2.5,117431.83,59.28,896.43,221,25.12704,55.15438
939015152150916080,1,1,117178.43,61.75,665.79,285,25.11427,55.14156
54219363,2,2.5,117042.54,50.93,854.33,269,25.1271,55.1522
1191910303092398895,1,2,116778.12,74.9,641.64,243,25.09762,55.14034
1154962257449045450,0,1,116756.09,83.33,449.06,312,25.11321,55.13828
1303396594994035745,1,1.5,116678.97,71.43,666.74,245,25.10791302,55.15201429
952306283884833606,1,1,116653.26,57.72,623.81,324,25.09618,55.13859
1157183019260831687,1,1,116627.55,78.21,532.55,280,25.09875595,55.14110426
647858583806341031,1,1,116579.81,47.86,947.8,257,25.09724,55.14107
1290380226847902742,2,2,116454.94,47.1,954.55,259,25.09824858,55.14097685
1122931448759793601,1,1,116352.11,71.28,564.82,289,25.09833,55.14024
1085166567515058149,2,2,116341.22,66.36,796.86,220,25.0987642,55.1401943
1085899711818024724,2,2,116242.06,67.58,945.06,182,25.11825,55.11029
851132347514851095,0,1,116117.2,58.59,558.26,355,25.1295,55.15286
1158520126273792576,1,1.5,116029.06,55.74,853.15,244,25.11196,55.13875
613064590642203003,1,1,115867.47,77.44,562.46,266,25.09703126,55.13836588
1087468589963355982,1,1,115698.53,87.14,632.23,210,25.09726,55.13938
1260013299026169370,1,1.5,115617.74,67.56,760.64,225,25.11243002,55.1437159
1238520288155883888,1,1.5,115371.68,80.17,594.7,242,25.1124317,55.138978
1067265086631629461,1,1,115184.38,76.63,575.92,261,25.1121932,55.1386346
52162306,1,1.5,114953.02,71.9,660.65,242,25.10936,55.14084
825578503875951246,0,1,114560.06,87.19,542.94,242,25.1138844,55.1404625
1177817085914226647,1,1,114152.41,74.52,582.41,263,25.11215434,55.13862924
1302577152192184756,1,1.5,113950.42,63.21,850.38,212,25.1124,55.13782
1362803619518335738,3,3.5,113799.85,91.79,598.95,207,25.09899347,55.12154749
795556991338722671,2,2,113719.06,73.8,824.05,187,25.1286337,55.1538954
1047071365051942370,0,1,113473,77.92,630.41,231,25.1170671,55.1364276
54283903,1,1.5,113388.53,66.81,731.54,232,25.112715,55.143215
1329532754097283452,1,1,112980.88,86.44,553.83,236,25.0987351,55.1411128
1057893694704535007,1,1,112936.81,74.9,591.29,255,25.11413,55.13685
666442990578388209,2,3.5,112731.15,71.96,828.91,189,25.10032,55.12088
612965699591397855,1,1,112562.22,68.03,615.09,269,25.0968,55.1395
1165764003150702740,1,1,112441.02,71.07,653.73,242,25.09944771,55.14130977
1033754592513588233,1,1,112261.07,80.47,648.91,215,25.0997,55.14105
1254308778848532364,1,1.5,112235.36,88.24,680.21,187,25.11757,55.10962
1057811212458830123,0,1,112231.69,77.02,471.56,309,25.11707438,55.13637263
1299064672194865081,1,1,112022.36,71.15,756.91,208,25.10073,55.14193
42130852,0,1,111952.58,81.45,499.79,275,25.115028,55.142555
1099952769761302563,1,2,111926.87,81.93,573.98,238,25.1159,55.1417
1324756930220100319,1,1,111908.51,82.9,501.83,269,25.11418,55.14036
1232439307285573103,1,1,111603.69,60.53,606.54,304,25.0978549,55.1404177
1101151270165058435,1,1,111526.57,52.37,671.85,317,25.1136,55.13742
1016055150111121735,1,1,111398.03,63.72,515.73,339,25.11229912,55.13844363
791771287657749452,0,1,111078.53,77.04,534.03,270,25.11376587,55.13879789
44442370,1,1.5,111063.84,81.67,566.65,240,25.12978,55.15343
1314285499816627992,2,2.5,110601.1,61.08,978.77,185,25.12763,55.15394
1249887231149427664,2,2.5,110399.11,45,1022.21,240,25.13163,55.15403
1075163096458942046,2,2,110377.08,63.35,912.21,191,25.0975842,55.1399019
1379663152142363054,2,2.5,110006.15,77.47,780.19,182,25.1308147,55.1531375
1107713326149392729,1,1,109800.49,72.38,722.37,210,25.0990416,55.14022
1032597319835450713,2,3.5,109763.77,72.58,813.06,186,25.1129973,55.1366911
43033747,1,1.5,109624.21,50.49,1064.31,204,25.14013,55.13611
1317908155535411247,1,1,109264.31,90.04,483.47,251,25.11391145,55.14040904
1166578685971533993,1,1,108764.85,62.08,651.29,269,25.11443,55.14226
1049155125148321933,0,1,108658.35,71.91,466.34,324,25.11211,55.13859
1201144159712519552,1,1,108529.81,74.63,534.63,272,25.09981,55.14189
572293753950121506,1,1,108298.44,65.25,588.58,282,25.09669,55.14077
1183933765921101526,1,1,107986.28,62.07,749.9,232,25.09725,55.13918
1251542696169935425,1,1.5,107949.55,65.47,739.38,223,25.11236191,55.13858293
751219854137098433,1,1,107890.79,89.66,414.96,290,25.12531,55.12361
1133818456501368554,1,1,107846.72,94.48,630.68,181,25.11139659,55.13790504
1265927640759936264,1,1,107530.89,86.26,475.8,262,25.11517,55.14271
1269381561145792097,1,1,107457.44,47.16,807.95,282,25.1069979,55.1526539
1049770835020558819,1,1.5,107354.61,78.33,675.19,203,25.11062,55.13849
742780916536396014,2,2.5,107332.57,51.05,1106.52,190,25.09838,55.1409
1359484764473803133,1,1.5,107057.02,81.53,591.48,222,25.11546,55.14042
748115712209055632,0,1,106803.62,83.06,427.21,301,25.1276365,55.1540273
1019041515921363404,1,1,106564.9,94.17,549.3,206,25.10088,55.13953
1202796788591907973,1,2,106462.07,62.11,601.48,285,25.09918,55.14165
1165317640083876478,1,1,106399.64,79.46,597.75,224,25.11177,55.13927
1269432114935995362,1,1,106300.48,92.64,444.77,258,25.11219,55.13864
1271761648905918949,1,1,106205,66.91,577.2,275,25.11111797,55.13757598
592563258322626777,1,1,106047.08,81.94,599.14,216,25.09703,55.13956
1178780682129482465,2,2.5,105988.32,76.19,662.43,210,25.1064,55.14814
1201525744457853617,2,2,105940.58,50.6,840.8,249,25.09793818,55.1406984
1308064015990280837,0,1,105723.9,85.04,489.46,254,25.11645586,55.13736052
45982839,1,1.5,105621.07,76.28,547.26,253,25.12597084,55.12265778
1262950161274862706,1,1,105565.98,85.71,586.48,210,25.11413352,55.14029335
1310057356628479987,1,1.5,105408.07,92.98,468.48,242,25.11198,55.13838
1304732294862538511,2,2,105187.72,90,556.55,210,25.09748238,55.14098537
1086046882711502546,1,2,105165.68,84.72,574.68,216,25.09869455,55.12228291
1179183445385468158,1,1,104879.23,62.08,628.02,269,25.09805112,55.14133452
1232468703831335529,0,1,104478.92,78.35,458.24,291,25.12526,55.15479
1114292052839168867,1,1,104449.54,67.92,640.79,240,25.0981,55.14092
1233269800623130288,0,1,104287.95,75,518.85,268,25.11335,55.13819
1323854741010489685,2,2,103950.08,54.8,758.76,250,25.09579,55.13903
1414364047656050942,0,1,103872.96,71.11,463.72,315,25.13193611,55.15245543
1051855196401329440,0,1,103674.65,69.85,566.53,262,25.11481178,55.14212155
857703156724549189,0,1,103428.59,83.19,522.37,238,25.11377232,55.140244
1374416530718234244,1,1.5,103355.14,92,561.71,200,25.11161,55.13857
925071610734452805,2,2,103149.48,57.46,991.82,181,25.11757129,55.10999109
1267269599455233448,0,1,102866.7,59.59,591.19,292,25.11218643,55.13863373
1191935695978419335,1,1.5,102554.53,58.82,788.88,221,25.11244,55.14345
1004187756455211838,0,1,102448.03,71.64,520.04,275,25.11209,55.13859
1304964461947838587,2,3,102044.06,53.95,879.69,215,25.12029593,55.10927742
1267813435505698823,2,2,102044.06,43.91,1010.34,230,25.0981042,55.140921
800311386168017393,1,1.5,101900.83,51.88,613.86,320,25.09954,55.1191
1094708226001646328,1,1.5,101739.24,85.27,532.67,224,25.11328568,55.13970695
1343251344576522706,0,1,101566.63,88.84,472.4,242,25.113246,55.14044123
958536972395139502,1,1.5,101379.33,56.72,666.97,268,25.11132,55.13796
1298450666287494856,1,1,100795.41,71.48,522.26,270,25.1121932,55.1386346
1239541765394292563,1,1.5,100303.29,80.31,647.12,193,25.1074,55.14706
1170811947386085764,2,2,100218.83,63.9,765.03,205,25.09682,55.14064
1292609205687444108,1,1.5,100130.69,67.25,650.2,229,25.1121,55.13862
1033735232233529203,2,2.5,100082.94,45.02,1053.5,211,25.09602,55.14077
1317283511099119309,0,1,98628.63,74.59,541.92,244,25.11162974,55.13835565
1142533806917128925,1,1,98507.44,72.45,693.71,196,25.09849094,55.14075972
614852181576876706,1,1.5,97780.29,57.09,674.35,254,25.098541,55.122143
1189203473832397635,1,1,97714.18,76.05,539.86,238,25.11328,55.13975
1094679501518121948,0,1,97339.59,82.95,454.86,258,25.11339,55.13939
724331066469112122,1,1,97222.07,72.44,596.45,225,25.09928,55.14048
1338878541019436035,1,1.5,97005.39,77.91,500.03,249,25.11194596,55.1385703
1349826080567667550,1,1,96942.96,91.15,470.6,226,25.11428,55.14029
1350723272182165980,1,1,96538.98,87.45,477.92,231,25.11464663,55.14097356
1353464157805011723,1,1,96513.27,88.6,477.79,228,25.11527964,55.14040905
1110603013872640503,2,2,96204.78,38.67,1105.8,225,25.0975186,55.1399927
1368750419597646796,1,1.5,96157.04,85.43,565.63,199,25.11543181,55.14040542
1091930123245011611,1,1,96098.28,71.9,636.41,210,25.0981042,55.140921
1299901889826635029,1,1,96046.87,77.1,419.42,297,25.11094971,55.13775484
1051141920020111197,1,1,95922,83.64,535.88,214,25.09942,55.14205
1296147837549630785,1,1,95885.28,67.12,489.21,292,25.11079427,55.13805524
609922989890732773,1,1.5,95749.39,76.92,563.23,221,25.112595,55.141609
574211499083981696,1,1,95646.56,78.31,646.26,189,25.09697,55.14009
1254195205817072709,0,1,95565.77,69.66,513.79,267,25.11348132,55.13835437
1298465939349554049,1,1,95510.68,66.01,477.55,303,25.1121932,55.1386346
1375879861023651339,1,1,95319.71,66.35,690.72,208,25.12695,55.15347
1343176696751697723,2,2.5,95132.41,43.09,1174.47,188,25.09997235,55.14128295
1124555651025277553,1,1,94864.32,51.53,564.67,326,25.09907,55.14058
1266466195601001739,0,1,94768.84,56.1,588.63,287,25.1121875,55.1386875
930111200440707011,1,1,94548.49,56.65,716.28,233,25.13101,55.15383
1114914055383806629,1,1,94412.6,58.68,664.88,242,25.09836,55.14074
1165717965914658766,1,1,93993.94,73.01,445.47,289,25.11679,55.13747
1194822692651290051,1,1,93740.54,74.26,464.06,272,25.1115304,55.13857841
1057264144583249873,0,1,93571.6,60.81,563.68,273,25.11207,55.1379
29949472,1,1.5,93285.15,68.12,597.98,229,25.1114,55.13739
938168199976906346,0,1,93149.26,64.97,456.61,314,25.11604,55.13532
1208027685114069202,1,1,92855.46,71.06,556.02,235,25.117067,55.133852
1076718389176330262,2,2.5,92675.61,40.88,827.46,274,25.1110926,55.1433174
909246867181026503,0,1,92491.99,65.53,600.6,235,25.11391643,55.13989222
952277998989783690,1,1,92290,94.71,515.59,189,25.09745,55.14172
709266300792096864,2,2,92179.83,51.42,845.69,212,25.09664,55.14054
1290466090017628989,1,2,91911.73,63.98,550.37,261,25.11214663,55.138649
1355897162134214305,1,1,91856.65,81.86,496.52,226,25.09832755,55.14090375
1203545433765711879,1,1,91797.88,77.56,577.35,205,25.11302,55.13969
1034589717460451490,1,1.5,91717.09,80.95,490.47,231,25.1110999,55.1397116
1352607239180527266,1,1,91449,59.64,687.59,223,25.10897268,55.1495738
,1,1,91371.87,64.44,630.15,225,25.11219,55.13863
52438126,1,1.5,91331.48,54.14,634.25,266,25.11067,55.13886
1277413339497780091,1,1,91294.75,66.8,533.89,256,25.11713179,55.13627844
1120885682848519259,1,2,91114.8,70.39,628.38,206,25.0991,55.1216
944534214996174874,1,1,90857.72,70.53,622.31,207,25.0981,55.14092
1304091380790258114,1,1,90769.58,76.53,556.87,213,25.10111054,55.14245471
1300453175014009672,0,1,90453.75,75.33,394.99,304,25.1121932,55.1386346
1363068506613385865,1,1.5,90108.53,79.91,526.95,214,25.11219,55.13864
1323367599213660330,1,1,89789.03,67.77,627.9,211,25.10221,55.14336
826611337832435503,1,1,89645.7,63.35,740.87,191,25.09842094,55.13974111
988818235102879581,1,1.5,89645.7,58.77,669,228,25.1121875,55.1386406
1052649336123299035,1,1,89355.57,71.43,638.25,196,25.0981,55.13929
1034593587619988731,1,1.5,89091.15,54.95,802.62,202,25.12836,55.15414
1299894527776267563,1,1,89006.69,73.68,423.84,285,25.11139659,55.13801233
1085973458865317962,1,1,88778.99,80.1,565.47,196,25.0981,55.14092
,1,1,88749.61,43.7,853.36,238,25.10887,55.1431
1271809623361331742,1,1,88547.62,52.73,655.91,256,25.1117459,55.13840776
1142775530959277121,1,1,88466.83,58.3,680.51,223,25.11466,55.14235
1307715520704299243,1,1,88463.16,63.73,680.49,204,25.0981042,55.140921
1228401585278958147,1,1,88455.81,69.76,618.57,205,25.09804,55.13994
1082364086299356919,1,1,88430.1,75,508.22,232,25.0981,55.14092
1357083282392974731,1,1,88408.07,83.11,472.77,225,25.09883194,55.13903256
544777868787554969,2,2,88375.02,52.06,875,194,25.09824,55.14021
1347224157371271931,1,1,88341.96,78.07,496.3,228,25.11112458,55.13723985
1299898767294575202,1,1,88242.81,66.08,466.89,286,25.11122172,55.13790504
1299893043704976670,1,1,88220.77,67.46,518.95,252,25.11139659,55.13794795
1091133674302098146,0,1,88202.41,48.22,722.97,253,25.1121932,55.1386346
1057013646430559347,2,2,88150.99,61.78,747.04,191,25.09779,55.14005
1108477833212014013,1,1.5,87890.25,85.71,488.28,210,25.0990814,55.1215699
1054857355479939966,1,1,87449.55,77.99,536.5,209,25.09768,55.14116
1055457746403157672,1,1,87420.17,63.3,517.28,267,25.0983583,55.1407404
1325931861313527003,1,1.5,87394.46,68.65,505.17,252,25.12765,55.15386
1037531528740256091,0,1,87379.77,76.85,560.13,203,25.11378423,55.13995677
1434723324843831154,1,1,87232.87,46.56,758.55,247,25.0983984,55.1406875
1299846495604134842,1,1,87108,74.02,463.34,254,25.11114,55.13829
1075227954192879174,1,2,87019.86,48.29,878.99,205,25.1276365,55.1540273
702618921046015429,1,1.5,86935.4,69,629.97,200,25.12454,55.15273
1370975075355947873,2,2.5,86516.73,40.1,1095.15,197,25.1404608,55.1371386
1013524997172383709,1,1,86450.63,69.7,626.45,198,25.09807015,55.1409111
1012199573410212355,1,1,86193.55,85.79,510.02,197,25.09941,55.1412
1146934929061924003,1,1,86171.52,63.92,694.93,194,25.0981,55.14092
1032339326572452171,1,1,85672.06,93.63,448.54,204,25.1121875,55.1386875
1269445694694336193,1,1,85668.38,64.02,559.92,239,25.09841068,55.14043952
1277412207804454703,1,1,85400.29,82.23,527.16,197,25.09922228,55.12165573
918659257567356327,0,1,85224.01,86.97,411.71,238,25.1170671,55.1364276
1178069962444435871,1,1,85011.1,70.7,559.28,215,25.1121932,55.1386346
1298961539630873740,0,1.5,84493.28,60.71,710.03,196,25.11823202,55.10961195
1299900071899364828,1,1,84390.45,65.68,474.1,271,25.11128001,55.13796941
1041922164573276885,1,1.5,83990.14,85.26,518.46,190,25.1110999,55.1397116
1125995862812857141,1,1,83986.47,54.22,688.41,225,25.09758,55.14005
1104476630653363499,1,1,83696.34,81.22,569.36,181,25.09891429,55.14155557
1298446290525430607,1,1,83685.33,60,472.8,295,25.1121932,55.1386346
1197782142986717110,1,1,83244.63,52.46,867.13,183,25.0975807,55.1400489
1313385263109636075,0,1,82741.49,61.69,667.27,201,25.1145592,55.1390692
1336246697943816649,1,1,82153.89,88.84,448.93,206,25.11202268,55.1386904
47048328,1,1.5,81746.24,70.3,575.68,202,25.12817,55.153603
1273089735417567183,0,1,81742.57,66.89,417.05,293,25.1170671,55.1364276
889623404472030264,0,1,81533.24,79.44,413.87,248,25.11627,55.13551
775166536091223460,0,1,81334.92,79.12,564.83,182,25.11292,55.14089
1173833930004026757,0,1,81320.23,94.36,441.96,195,25.11108,55.13902
1342587333881288129,2,2.5,81096.21,54.69,772.34,192,25.09998693,55.14122083
1275574537495725388,1,1,81048.47,54.72,698.69,212,25.13084488,55.15329596
1206455163225260630,1,1,80916.26,82.8,525.43,186,25.1115,55.1385
1025031305462015165,1,1,80589.32,67.15,579.78,207,25.1001,55.13953
42367679,1,1.5,80581.97,58.37,563.51,245,25.10645,55.15272
1356478875105549183,2,2.5,80284.5,42.86,991.17,189,25.1034581,55.1478652
962835686234757759,0,1,80100.88,68.94,440.11,264,25.11661,55.13616
1299889763461575136,1,1,80005.39,63.6,481.96,261,25.11141602,55.13811962
1141864131639219028,1,1,79663.85,82.2,507.41,191,25.0981,55.14092
1313613037911486641,0,1,79579.38,70.77,432.5,260,25.11693079,55.13635285
1357031833015666621,1,1,79516.95,92.04,382.29,226,25.11193106,55.13871587
1274409590834248439,1,1,79513.28,85.43,467.73,199,25.1250604,55.1139239
1294102279674419451,1,1,79355.36,53.77,741.64,199,25.12949349,55.1529086
1051507802052967045,1,1,79201.11,57.64,676.93,203,25.09836,55.14074
811969861714905913,1,1,79010.14,52.59,647.62,232,25.09644,55.13981
901413027144404538,0,1,78720.02,61.28,432.53,297,25.1170671,55.1364276
1290343221019091280,0,1,78587.81,51.47,748.46,204,25.1286337,55.1538954
1249934705644418873,0,1,78418.87,60.28,461.29,282,25.11555,55.13518
29446853,1,1.5,78191.18,44.86,942.06,185,25.12958,55.15374
1351348986833655213,1,1,78110.38,94.29,394.5,210,25.11217556,55.13867856
679279117291453706,1,1.5,78099.36,50,650.83,240,25.10796,55.14003
1233137856402076447,1,1,77901.05,64.04,533.57,228,25.1011489,55.1421993
611308436503293330,1,1.5,77875.34,62.31,628.03,199,25.10872,55.1411
998248599299737396,1,1.5,77853.31,69.18,339.97,331,25.10150426,55.15745921
1237734739083954597,1,1,77739.46,80.73,501.54,192,25.0990416,55.14022
1242299254064433198,1,1,77486.06,44.12,645.72,272,25.11181689,55.1383955
1358675235996932418,1,1.5,77306.1,89.59,390.43,221,25.09900048,55.13999765
1321640931731823281,1,1,77041.68,73.08,579.26,182,25.11114,55.13829
1274653150986975544,1,1,76766.25,51.42,470.96,317,25.11534066,55.13539882
891790154199378828,0,1,76707.49,80.08,374.18,256,25.11472,55.13457
1380313771987317231,1,1.5,76505.5,84.66,478.16,189,25.1113157,55.13806929
1162113698088479118,0,1,75969.31,73.71,444.26,232,25.1121932,55.1386346
801089878706249390,2,2,75411.09,41.99,992.25,181,25.13141,55.15365
51031773,2,2,75069.55,33.68,1154.92,193,25.12821,55.15436
1160845562279460486,0,1,75025.48,69.2,433.67,250,25.11283,55.13762
1090207147543938827,1,1,74750.04,58.7,692.13,184,25.09908781,55.14132299
1232316574036439909,1,1,74614.16,48.18,627.01,247,25.0978549,55.1404177
1299198809268065123,1,1.5,74474.61,68.84,543.61,199,25.09684719,55.13934059
1086773590579666370,1,1,74360.76,62.72,520.01,228,25.0981,55.14092
1299956164416148630,0,1,74129.39,75.52,511.24,192,25.13050143,55.15290308
1299897736903894894,1,1,73828.25,64.66,458.56,249,25.11141602,55.13805524
1013470839214403541,1,1,73721.74,66.83,538.11,205,25.09897844,55.14028438
1338985191922606874,1,1,73707.05,58.69,589.66,213,25.1121932,55.1386346
1234648210614374480,0,1,73416.93,79.82,421.94,218,25.1170671,55.1364276
1287047272968491235,0,1,73405.91,71.75,458.79,223,25.11555,55.13518
1291926146874182899,1,1,73262.68,48.94,637.07,235,25.11225,55.13816
1054728438086163135,1,1,72443.72,79.61,356.87,255,25.11634,55.13583
697608692134469988,1,1.5,72267.44,42.19,892.19,192,25.12955059,55.15311163
1178895745506654926,0,1,71870.81,64.73,403.77,275,25.11163,55.13839
1096136125241315581,0,1,71709.22,56.4,602.6,211,25.1120334,55.13884389
1231999279893607912,1,1,71624.75,58.14,573,215,25.0978549,55.1404177
1078020629559945800,1,1.5,71345.64,49.05,692.68,210,25.11249,55.13804
1202907800286630679,0,1,71327.28,80,469.26,190,25.11306,55.13769
746023183687538110,1,1,71202.41,45.13,809.12,195,25.09929,55.13867
1076687569032579460,1,1.5,70989.41,60.73,611.98,191,25.1276365,55.1540273
1034652198346113846,1,1,70471.58,71.49,446.02,221,25.11601,55.13697
1223023239700857885,1,1,70420.17,50,554.49,254,25.09779,55.14019
868269190154349609,1,1.5,70181.46,28.92,1189.52,204,25.14104,55.13724
1299895779886356721,1,1,69509.39,59.67,479.38,243,25.11087199,55.13781921
1254919250662039140,1,1,69329.44,56.4,491.7,250,25.11082913,55.13802856
868932645483364522,1,1.5,69325.76,29.9,1136.49,204,25.1411,55.13694
901801209605472748,1,1,69149.48,60.94,486.97,233,25.1170671,55.1364276
1232464987605611462,1,1,69127.45,64.29,590.83,182,25.0978549,55.1404177
1251830389920822392,1,1,68517.81,63.24,585.62,185,25.11487,55.1342
1189114674586066843,1,1.5,67695.17,52.33,670.25,193,25.11230204,55.13851371
998248555044924787,1,1,67118.59,58.64,324.24,353,25.09967622,55.15610486
1307715002804140531,1,1,66747.67,54.08,629.7,196,25.0978549,55.1404177
1232352330648851589,1,1,66071.93,56.32,617.49,190,25.0978549,55.1404177
1196870760196120668,2,2.5,65774.46,34.76,901.02,210,25.10742418,55.14832697
605587731481361069,1,1.5,65572.47,45.3,618.61,234,25.10926,55.13999
1121875871279191296,1,1.5,65249.29,27.89,1231.12,190,25.1277,55.1542
1239750397410713136,1,1.5,64705.76,54.15,582.93,205,25.1103,55.1396
1053397967484761275,1,1.5,64213.65,59.6,544.18,198,25.12699803,55.15350481
1318610257390581717,0,1,63288.18,62.12,385.9,264,25.115506,55.13518
1178225483583415584,0,1,62979.69,71.24,379.4,233,25.1170671,55.1364276
1090433379192419624,1,1,62707.92,37.97,883.21,187,25.11314,55.13958
732651517654816388,0,1,62561.02,71.56,401.03,218,25.11669,55.13552
1299199902396217301,0,1,62043.2,52.94,574.47,204,25.11555,55.13518
1129004269501556286,1,1,61999.13,50.49,601.93,204,25.1122,55.1386
1252811631502103877,0,1,61734.71,50.81,489.96,248,25.1170625,55.1364219
1275588529963831372,1,1,61727.36,41.15,781.36,192,25.1312283,55.15302664
1309131780851428717,0,1,61712.67,50.44,541.34,226,25.1122239,55.1385185
1078063303098174984,4,3.5,61686.97,30.49,907.16,223,25.10003242,55.15650619
1128065741388551863,2,2,60618.27,35.98,891.45,189,25.09874,55.14111
1299896815088980391,1,1,60405.26,62.56,440.91,219,25.11091085,55.13839857
1259275511477677492,0,1,59597.31,65.44,476.78,191,25.11211965,55.13795379
1276664792894749924,0,1,59219.05,41.55,650.76,219,25.11555,55.13518
1214405782785075374,1,1,59112.54,61.88,527.79,181,25.1117,55.13951
1325314175386698236,0,1,57147.76,63.56,399.63,225,25.11418,55.14036
21626081,1,1,57026.56,71.16,372.72,215,25.11064,55.13708
1310585679598601744,1,1,55836.67,49.3,526.76,215,25.10630828,55.14971214
1363447610368406143,1,1,55208.68,62.96,463.94,189,25.09793749,55.14068056
1349018120653232292,0,1,54830.41,71.18,336.38,229,25.11555,55.13518
1375180964741036553,1,1,53941.67,60,461.04,195,25.11135313,55.13880398
42527110,1,1,53008.85,63.04,456.97,184,25.11105,55.14035
1318724474118143468,0,1,52509.39,60.99,473.06,182,25.1170671,55.1364276
1114314938414103841,0,1,52131.12,50.26,543.03,191,25.11132,55.1401
1230144136004738382,1,1.5,50254.48,42.47,540.37,219,25.09858,55.13079
1370097812181872868,1,1.5,47220.99,31.96,761.63,194,25.1403692,55.1376193